{"type":"FeatureCollection","features":[{"type":"Feature","geometry":{"type":"MultiPolygon","coordinates":[[[[-122.6925,38.56269],[-122.69181,38.56269],[-122.69181,38.56323],[-122.69112,38.56323],[-122.69043,38.56323],[-122.69043,38.56269],[-122.69112,38.56269],[-122.69112,38.56215],[-122.69181,38.56215],[-122.69181,38.56161],[-122.6925,38.56161],[-122.6925,38.56215],[-122.6925,38.56269]]],[[[-122.69043,38.5643],[-122.68974,38.5643],[-122.68974,38.56377],[-122.68974,38.56323],[-122.69043,38.56323],[-122.69043,38.56377],[-122.69043,38.5643]]],[[[-122.68905,38.56538],[-122.68836,38.56538],[-122.68836,38.56592],[-122.68767,38.56592],[-122.68699,38.56592],[-122.68699,38.56538],[-122.68767,38.56538],[-122.68767,38.56484],[-122.68836,38.56484],[-122.68836,38.5643],[-122.68905,38.5643],[-122.68974,38.5643],[-122.68974,38.56484],[-122.68905,38.56484],[-122.68905,38.56538]]],[[[-122.6863,38.567],[-122.6863,38.56754],[-122.68561,38.56754],[-122.68561,38.56808],[-122.68492,38.56808],[-122.68492,38.56861],[-122.68423,38.56861],[-122.68423,38.56808],[-122.68423,38.56754],[-122.68492,38.56754],[-122.68492,38.567],[-122.68561,38.567],[-122.68561,38.56646],[-122.6863,38.56646],[-122.6863,38.56592],[-122.68699,38.56592],[-122.68699,38.56646],[-122.68699,38.567],[-122.6863,38.567]]]]},"properties":{"id":1741,"step":1,"cells":21,"cost":20025,"fuel_group":"grass"}},{"type":"Feature","geometry":{"type":"MultiPolygon","coordinates":[[[[-122.60913,38.61008],[-122.60913,38.61062],[-122.60844,38.61062],[-122.60844,38.61008],[-122.60844,38.60954],[-122.60913,38.60954],[-122.60913,38.61008]]],[[[-122.605,38.60954],[-122.60568,38.60954],[-122.60637,38.60954],[-122.60706,38.60954],[-122.60706,38.61008],[-122.60706,38.61062],[-122.60637,38.61062],[-122.60568,38.61062],[-122.605,38.61062],[-122.60431,38.61062],[-122.60362,38.61062],[-122.60362,38.61008],[-122.60431,38.61008],[-122.60431,38.60954],[-122.605,38.60954]]],[[[-122.60086,38.60954],[-122.60086,38.61008],[-122.60086,38.61062],[-122.60017,38.61062],[-122.59948,38.61062],[-122.59879,38.61062],[-122.59811,38.61062],[-122.59742,38.61062],[-122.59673,38.61062],[-122.59604,38.61062],[-122.59535,38.61062],[-122.59466,38.61062],[-122.59466,38.61008],[-122.59535,38.61008],[-122.59535,38.60954],[-122.59604,38.60954],[-122.59673,38.60954],[-122.59742,38.60954],[-122.59811,38.60954],[-122.59879,38.60954],[-122.59948,38.60954],[-122.60017,38.60954],[-122.60086,38.60954]]],[[[-122.59466,38.61008],[-122.59397,38.61008],[-122.59397,38.61062],[-122.59328,38.61062],[-122.59259,38.61062],[-122.5919,38.61062],[-122.59122,38.61062],[-122.59053,38.61062],[-122.58984,38.61062],[-122.58915,38.61062],[-122.58846,38.61062],[-122.58777,38.61062],[-122.58777,38.61008],[-122.58777,38.60954],[-122.58846,38.60954],[-122.58915,38.60954],[-122.58984,38.60954],[-122.59053,38.60954],[-122.59122,38.60954],[-122.59122,38.61008],[-122.5919,38.61008],[-122.5919,38.60954],[-122.59259,38.60954],[-122.59328,38.60954],[-122.59397,38.60954],[-122.59466,38.60954],[-122.59466,38.61008]]]]},"properties":{"id":544,"step":2,"cells":46,"cost":56070,"fuel_group":"grass"}},{"type":"Feature","geometry":{"type":"MultiPolygon","coordinates":[[[[-122.60086,38.59285],[-122.60155,38.59285],[-122.60155,38.59339],[-122.60224,38.59339],[-122.60224,38.59393],[-122.60224,38.59447],[-122.60155,38.59447],[-122.60155,38.59393],[-122.60086,38.59393],[-122.60086,38.59339],[-122.60017,38.59339],[-122.60017,38.59285],[-122.59948,38.59285],[-122.59948,38.59231],[-122.59879,38.59231],[-122.59879,38.59177],[-122.59811,38.59177],[-122.59811,38.59124],[-122.59742,38.59124],[-122.59742,38.5907],[-122.59673,38.5907],[-122.59673,38.59016],[-122.59673,38.58962],[-122.59742,38.58962],[-122.59742,38.59016],[-122.59811,38.59016],[-122.59811,38.5907],[-122.59879,38.5907],[-122.59879,38.59124],[-122.59948,38.59124],[-122.59948,38.59177],[-122.60017,38.59177],[-122.60017,38.59231],[-122.60086,38.59231],[-122.60086,38.59285]]],[[[-122.59535,38.58908],[-122.59604,38.58908],[-122.59604,38.58962],[-122.59535,38.58962],[-122.59535,38.58908]]]]},"properties":{"id":1114,"step":3,"cells":17,"cost":9345,"fuel_group":"grass"}},{"type":"Feature","geometry":{"type":"MultiPolygon","coordinates":[[[[-122.64151,38.47266],[-122.64151,38.4732],[-122.64082,38.4732],[-122.64082,38.47266],[-122.64082,38.47212],[-122.64151,38.47212],[-122.64151,38.47266]]],[[[-122.64082,38.4732],[-122.64082,38.47374],[-122.64013,38.47374],[-122.64013,38.4732],[-122.64082,38.4732]]],[[[-122.63876,38.47536],[-122.63807,38.47536],[-122.63807,38.47482],[-122.63807,38.47428],[-122.63876,38.47428],[-122.63944,38.47428],[-122.63944,38.47482],[-122.63876,38.47482],[-122.63876,38.47536]]],[[[-122.63807,38.47536],[-122.63807,38.4759],[-122.63738,38.4759],[-122.63738,38.47644],[-122.63669,38.47644],[-122.63669,38.47698],[-122.636,38.47698],[-122.636,38.47752],[-122.63531,38.47752],[-122.63531,38.47806],[-122.63462,38.47806],[-122.63462,38.47752],[-122.63462,38.47698],[-122.63531,38.47698],[-122.63531,38.47644],[-122.636,38.47644],[-122.636,38.4759],[-122.63669,38.4759],[-122.63669,38.47536],[-122.63738,38.47536],[-122.63807,38.47536]]]]},"properties":{"id":4372,"step":4,"cells":15,"cost":16465,"fuel_group":"grass"}},{"type":"Feature","geometry":{"type":"MultiPolygon","coordinates":[[[[-122.75657,38.48669],[-122.75589,38.48669],[-122.75589,38.48722],[-122.7552,38.48722],[-122.7552,38.48776],[-122.75451,38.48776],[-122.75451,38.4883],[-122.75382,38.4883],[-122.75382,38.48884],[-122.75313,38.48884],[-122.75313,38.48938],[-122.75244,38.48938],[-122.75175,38.48938],[-122.75175,38.48884],[-122.75244,38.48884],[-122.75244,38.4883],[-122.75313,38.4883],[-122.75313,38.48776],[-122.75382,38.48776],[-122.75382,38.48722],[-122.75451,38.48722],[-122.75451,38.48669],[-122.7552,38.48669],[-122.7552,38.48615],[-122.75589,38.48615],[-122.75589,38.48561],[-122.75657,38.48561],[-122.75726,38.48561],[-122.75726,38.48615],[-122.75657,38.48615],[-122.75657,38.48669]]],[[[-122.75106,38.491],[-122.75037,38.491],[-122.75037,38.49046],[-122.75037,38.48992],[-122.75106,38.48992],[-122.75106,38.49046],[-122.75106,38.491]]]]},"properties":{"id":4058,"step":5,"cells":16,"cost":10680,"fuel_group":"grass"}},{"type":"Feature","geometry":{"type":"Polygon","coordinates":[[[-122.56021,38.62516],[-122.56021,38.62569],[-122.5609,38.62569],[-122.5609,38.62623],[-122.56159,38.62623],[-122.56159,38.62677],[-122.56228,38.62677],[-122.56228,38.62731],[-122.56297,38.62731],[-122.56297,38.62785],[-122.56366,38.62785],[-122.56366,38.62839],[-122.56434,38.62839],[-122.56434,38.62892],[-122.56503,38.62892],[-122.56503,38.62946],[-122.56503,38.63],[-122.56434,38.63],[-122.56434,38.62946],[-122.56366,38.62946],[-122.56366,38.62892],[-122.56297,38.62892],[-122.56297,38.62839],[-122.56228,38.62839],[-122.56228,38.62785],[-122.56159,38.62785],[-122.56159,38.62731],[-122.5609,38.62731],[-122.5609,38.62677],[-122.56021,38.62677],[-122.56021,38.62623],[-122.55952,38.62623],[-122.55952,38.62569],[-122.55883,38.62569],[-122.55883,38.62516],[-122.55814,38.62516],[-122.55814,38.62462],[-122.55745,38.62462],[-122.55745,38.62408],[-122.55677,38.62408],[-122.55677,38.62354],[-122.55608,38.62354],[-122.55608,38.623],[-122.55539,38.623],[-122.55539,38.62246],[-122.5547,38.62246],[-122.5547,38.62193],[-122.55401,38.62193],[-122.55401,38.62139],[-122.55332,38.62139],[-122.55332,38.62085],[-122.55263,38.62085],[-122.55263,38.62031],[-122.55194,38.62031],[-122.55194,38.61977],[-122.55125,38.61977],[-122.55125,38.61923],[-122.55056,38.61923],[-122.55056,38.6187],[-122.54988,38.6187],[-122.54988,38.61816],[-122.54988,38.61762],[-122.55056,38.61762],[-122.55056,38.61816],[-122.55125,38.61816],[-122.55125,38.6187],[-122.55194,38.6187],[-122.55194,38.61923],[-122.55263,38.61923],[-122.55263,38.61977],[-122.55332,38.61977],[-122.55332,38.62031],[-122.55401,38.62031],[-122.55401,38.62085],[-122.5547,38.62085],[-122.5547,38.62139],[-122.55539,38.62139],[-122.55539,38.62193],[-122.55608,38.62193],[-122.55608,38.62246],[-122.55677,38.62246],[-122.55677,38.623],[-122.55745,38.623],[-122.55745,38.62354],[-122.55814,38.62354],[-122.55814,38.62408],[-122.55883,38.62408],[-122.55883,38.62462],[-122.55952,38.62462],[-122.55952,38.62516],[-122.56021,38.62516]]]},"properties":{"id":213,"step":6,"cells":44,"cost":54290,"fuel_group":"shrub"}},{"type":"Feature","geometry":{"type":"Polygon","coordinates":[[[-122.72212,38.60093],[-122.72212,38.60147],[-122.72212,38.60201],[-122.72212,38.60254],[-122.72212,38.60308],[-122.72212,38.60362],[-122.72212,38.60416],[-122.72212,38.6047],[-122.72212,38.60524],[-122.72212,38.60578],[-122.72212,38.60631],[-122.72212,38.60685],[-122.72212,38.60739],[-122.72212,38.60793],[-122.72212,38.60847],[-122.72144,38.60847],[-122.72075,38.60847],[-122.72075,38.60793],[-122.72075,38.60739],[-122.72075,38.60685],[-122.72075,38.60631],[-122.72075,38.60578],[-122.72075,38.60524],[-122.72075,38.6047],[-122.72075,38.60416],[-122.72075,38.60362],[-122.72075,38.60308],[-122.72075,38.60254],[-122.72075,38.60201],[-122.72075,38.60147],[-122.72075,38.60093],[-122.72075,38.60039],[-122.72075,38.59985],[-122.72075,38.59931],[-122.72144,38.59931],[-122.72212,38.59931],[-122.72212,38.59985],[-122.72212,38.60039],[-122.72212,38.60093]]]},"properties":{"id":634,"step":7,"cells":34,"cost":35600,"fuel_group":"grass"}},{"type":"Feature","geometry":{"type":"MultiPolygon","coordinates":[[[[-122.74555,38.4883],[-122.74555,38.48776],[-122.74555,38.48722],[-122.74624,38.48722],[-122.74624,38.48776],[-122.74624,38.4883],[-122.74555,38.4883]]],[[[-122.74348,38.48992],[-122.74348,38.48938],[-122.74348,38.48884],[-122.74417,38.48884],[-122.74417,38.48938],[-122.74417,38.48992],[-122.74348,38.48992]]],[[[-122.74211,38.491],[-122.74211,38.49154],[-122.74142,38.49154],[-122.74142,38.491],[-122.74142,38.49046],[-122.74211,38.49046],[-122.74211,38.48992],[-122.74279,38.48992],[-122.74348,38.48992],[-122.74348,38.49046],[-122.74279,38.49046],[-122.74279,38.491],[-122.74211,38.491]]],[[[-122.74073,38.49154],[-122.74073,38.49208],[-122.74004,38.49208],[-122.74004,38.49154],[-122.74073,38.49154]]],[[[-122.73935,38.49316],[-122.73935,38.4937],[-122.73866,38.4937],[-122.73866,38.49316],[-122.73935,38.49316]]],[[[-122.73659,38.49531],[-122.73659,38.49585],[-122.7359,38.49585],[-122.7359,38.49639],[-122.73522,38.49639],[-122.73522,38.49693],[-122.73453,38.49693],[-122.73453,38.49747],[-122.73384,38.49747],[-122.73384,38.49801],[-122.73315,38.49801],[-122.73315,38.49855],[-122.73246,38.49855],[-122.73246,38.49909],[-122.73177,38.49909],[-122.73177,38.49963],[-122.73108,38.49963],[-122.73108,38.50017],[-122.73039,38.50017],[-122.73039,38.50071],[-122.7297,38.50071],[-122.7297,38.50017],[-122.7297,38.49963],[-122.73039,38.49963],[-122.73039,38.49909],[-122.73108,38.49909],[-122.73108,38.49855],[-122.73177,38.49855],[-122.73177,38.49801],[-122.73246,38.49801],[-122.73246,38.49747],[-122.73315,38.49747],[-122.73315,38.49693],[-122.73384,38.49693],[-122.73384,38.49639],[-122.73453,38.49639],[-122.73453,38.49585],[-122.73522,38.49585],[-122.73522,38.49531],[-122.7359,38.49531],[-122.7359,38.49477],[-122.73659,38.49477],[-122.73659,38.49424],[-122.73728,38.49424],[-122.73797,38.49424],[-122.73797,38.49477],[-122.73728,38.49477],[-122.73728,38.49531],[-122.73659,38.49531]]]]},"properties":{"id":3886,"step":8,"cells":34,"cost":33820,"fuel_group":"grass"}},{"type":"Feature","geometry":{"type":"Polygon","coordinates":[[[-122.71248,38.57239],[-122.71248,38.57292],[-122.71179,38.57292],[-122.71179,38.57346],[-122.7111,38.57346],[-122.7111,38.574],[-122.71041,38.574],[-122.71041,38.57454],[-122.70972,38.57454],[-122.70972,38.57508],[-122.70903,38.57508],[-122.70903,38.57562],[-122.70834,38.57562],[-122.70834,38.57616],[-122.70766,38.57616],[-122.70766,38.57669],[-122.70697,38.57669],[-122.70697,38.57723],[-122.70628,38.57723],[-122.70628,38.57777],[-122.70559,38.57777],[-122.70559,38.57831],[-122.7049,38.57831],[-122.7049,38.57885],[-122.70421,38.57885],[-122.70421,38.57939],[-122.70352,38.57939],[-122.70352,38.57993],[-122.70283,38.57993],[-122.70283,38.58046],[-122.70214,38.58046],[-122.70214,38.581],[-122.70145,38.581],[-122.70145,38.58154],[-122.70077,38.58154],[-122.70077,38.58208],[-122.70008,38.58208],[-122.70008,38.58262],[-122.69939,38.58262],[-122.69939,38.58316],[-122.6987,38.58316],[-122.6987,38.5837],[-122.69801,38.5837],[-122.69801,38.58424],[-122.69732,38.58424],[-122.69732,38.58477],[-122.69663,38.58477],[-122.69663,38.58424],[-122.69663,38.5837],[-122.69732,38.5837],[-122.69732,38.58316],[-122.69801,38.58316],[-122.69801,38.58262],[-122.6987,38.58262],[-122.6987,38.58208],[-122.69939,38.58208],[-122.69939,38.58154],[-122.70008,38.58154],[-122.70008,38.581],[-122.70077,38.581],[-122.70077,38.58046],[-122.70145,38.58046],[-122.70145,38.57993],[-122.70214,38.57993],[-122.70214,38.57939],[-122.70283,38.57939],[-122.70283,38.57885],[-122.70352,38.57885],[-122.70352,38.57831],[-122.70421,38.57831],[-122.70421,38.57777],[-122.7049,38.57777],[-122.7049,38.57723],[-122.70559,38.57723],[-122.70559,38.57669],[-122.70628,38.57669],[-122.70628,38.57616],[-122.70697,38.57616],[-122.70697,38.57562],[-122.70766,38.57562],[-122.70766,38.57508],[-122.70834,38.57508],[-122.70834,38.57454],[-122.70903,38.57454],[-122.70903,38.574],[-122.70972,38.574],[-122.70972,38.57346],[-122.71041,38.57346],[-122.71041,38.57292],[-122.7111,38.57292],[-122.7111,38.57239],[-122.71179,38.57239],[-122.71179,38.57185],[-122.71248,38.57185],[-122.71248,38.57131],[-122.71317,38.57131],[-122.71317,38.57185],[-122.71317,38.57239],[-122.71248,38.57239]]]},"properties":{"id":1374,"step":9,"cells":48,"cost":48060,"fuel_group":"grass"}},{"type":"Feature","geometry":{"type":"MultiPolygon","coordinates":[[[[-122.68147,38.48776],[-122.68216,38.48776],[-122.68216,38.4883],[-122.68147,38.4883],[-122.68078,38.4883],[-122.68078,38.48776],[-122.6801,38.48776],[-122.6801,38.48722],[-122.67941,38.48722],[-122.67941,38.48669],[-122.67872,38.48669],[-122.67872,38.48615],[-122.67803,38.48615],[-122.67803,38.48561],[-122.67872,38.48561],[-122.67941,38.48561],[-122.67941,38.48615],[-122.6801,38.48615],[-122.6801,38.48669],[-122.68078,38.48669],[-122.68078,38.48722],[-122.68147,38.48722],[-122.68147,38.48776]]],[[[-122.68354,38.48938],[-122.68423,38.48938],[-122.68423,38.48992],[-122.68492,38.48992],[-122.68492,38.49046],[-122.68492,38.491],[-122.68423,38.491],[-122.68423,38.49046],[-122.68354,38.49046],[-122.68354,38.48992],[-122.68285,38.48992],[-122.68285,38.48938],[-122.68216,38.48938],[-122.68216,38.48884],[-122.68285,38.48884],[-122.68354,38.48884],[-122.68354,38.48938]]],[[[-122.67734,38.48561],[-122.67734,38.48507],[-122.67734,38.48453],[-122.67803,38.48453],[-122.67803,38.48507],[-122.67803,38.48561],[-122.67734,38.48561]]]]},"properties":{"id":4101,"step":10,"cells":19,"cost":21805,"fuel_group":"grass"}},{"type":"Feature","geometry":{"type":"MultiPolygon","coordinates":[[[[-122.62566,38.54491],[-122.62635,38.54491],[-122.62704,38.54491],[-122.62773,38.54491],[-122.62842,38.54491],[-122.62842,38.54545],[-122.62842,38.54599],[-122.62773,38.54599],[-122.62704,38.54599],[-122.62635,38.54599],[-122.62566,38.54599],[-122.62498,38.54599],[-122.62498,38.54545],[-122.62498,38.54491],[-122.62566,38.54491]]],[[[-122.62291,38.54491],[-122.6236,38.54491],[-122.62429,38.54491],[-122.62429,38.54545],[-122.62429,38.54599],[-122.6236,38.54599],[-122.62291,38.54599],[-122.62222,38.54599],[-122.62153,38.54599],[-122.62084,38.54599],[-122.62015,38.54599],[-122.61946,38.54599],[-122.61877,38.54599],[-122.61809,38.54599],[-122.6174,38.54599],[-122.61671,38.54599],[-122.61671,38.54545],[-122.61671,38.54491],[-122.6174,38.54491],[-122.61809,38.54491],[-122.61877,38.54491],[-122.61946,38.54491],[-122.62015,38.54491],[-122.62084,38.54491],[-122.62153,38.54491],[-122.62222,38.54491],[-122.62291,38.54491]]]]},"properties":{"id":2430,"step":11,"cells":32,"cost":19580,"fuel_group":"grass"}},{"type":"Feature","geometry":{"type":"Polygon","coordinates":[[[-122.73246,38.51472],[-122.73315,38.51472],[-122.73315,38.51526],[-122.73384,38.51526],[-122.73384,38.5158],[-122.73453,38.5158],[-122.73453,38.51634],[-122.73453,38.51688],[-122.73384,38.51688],[-122.73384,38.51634],[-122.73315,38.51634],[-122.73315,38.5158],[-122.73246,38.5158],[-122.73246,38.51526],[-122.73177,38.51526],[-122.73177,38.51472],[-122.73108,38.51472],[-122.73108,38.51419],[-122.73039,38.51419],[-122.73039,38.51365],[-122.7297,38.51365],[-122.7297,38.51311],[-122.72901,38.51311],[-122.72901,38.51257],[-122.72833,38.51257],[-122.72833,38.51203],[-122.72764,38.51203],[-122.72764,38.51149],[-122.72695,38.51149],[-122.72695,38.51095],[-122.72764,38.51095],[-122.72833,38.51095],[-122.72833,38.51149],[-122.72901,38.51149],[-122.72901,38.51203],[-122.7297,38.51203],[-122.7297,38.51257],[-122.73039,38.51257],[-122.73039,38.51311],[-122.73108,38.51311],[-122.73108,38.51365],[-122.73177,38.51365],[-122.73177,38.51419],[-122.73246,38.51419],[-122.73246,38.51472]]]},"properties":{"id":3332,"step":12,"cells":21,"cost":42275,"fuel_group":"timber_understory"}},{"type":"Feature","geometry":{"type":"MultiPolygon","coordinates":[[[[-122.66287,38.48183],[-122.66287,38.48237],[-122.66218,38.48237],[-122.66218,38.48183],[-122.66218,38.48129],[-122.66287,38.48129],[-122.66287,38.48075],[-122.66356,38.48075],[-122.66356,38.48129],[-122.66356,38.48183],[-122.66287,38.48183]]],[[[-122.65805,38.48561],[-122.65805,38.48615],[-122.65736,38.48615],[-122.65736,38.48669],[-122.65667,38.48669],[-122.65667,38.48722],[-122.65598,38.48722],[-122.65598,38.48776],[-122.65529,38.48776],[-122.65529,38.4883],[-122.6546,38.4883],[-122.6546,38.48884],[-122.65391,38.48884],[-122.65391,38.48938],[-122.65322,38.48938],[-122.65322,38.48992],[-122.65254,38.48992],[-122.65254,38.49046],[-122.65185,38.49046],[-122.65185,38.491],[-122.65116,38.491],[-122.65116,38.49154],[-122.65047,38.49154],[-122.65047,38.49208],[-122.64978,38.49208],[-122.64978,38.49262],[-122.64909,38.49262],[-122.64909,38.49316],[-122.6484,38.49316],[-122.6484,38.4937],[-122.64771,38.4937],[-122.64771,38.49424],[-122.64702,38.49424],[-122.64702,38.4937],[-122.64702,38.49316],[-122.64771,38.49316],[-122.64771,38.49262],[-122.6484,38.49262],[-122.6484,38.49208],[-122.64909,38.49208],[-122.64909,38.49154],[-122.64978,38.49154],[-122.64978,38.491],[-122.65047,38.491],[-122.65047,38.49046],[-122.65116,38.49046],[-122.65116,38.48992],[-122.65185,38.48992],[-122.65185,38.48938],[-122.65254,38.48938],[-122.65254,38.48884],[-122.65322,38.48884],[-122.65322,38.4883],[-122.65391,38.4883],[-122.65391,38.48776],[-122.6546,38.48776],[-122.6546,38.48722],[-122.65529,38.48722],[-122.65529,38.48669],[-122.65598,38.48669],[-122.65598,38.48615],[-122.65667,38.48615],[-122.65667,38.48561],[-122.65736,38.48561],[-122.65736,38.48507],[-122.65805,38.48507],[-122.65805,38.48453],[-122.65874,38.48453],[-122.65874,38.48507],[-122.65874,38.48561],[-122.65805,38.48561]]]]},"properties":{"id":4125,"step":13,"cells":38,"cost":48060,"fuel_group":"grass"}},{"type":"Feature","geometry":{"type":"MultiPolygon","coordinates":[[[[-122.73177,38.49477],[-122.73108,38.49477],[-122.73039,38.49477],[-122.73039,38.49424],[-122.7297,38.49424],[-122.7297,38.4937],[-122.72901,38.4937],[-122.72901,38.49316],[-122.72833,38.49316],[-122.72833,38.49262],[-122.72764,38.49262],[-122.72764,38.49208],[-122.72695,38.49208],[-122.72695,38.49154],[-122.72626,38.49154],[-122.72626,38.491],[-122.72626,38.49046],[-122.72695,38.49046],[-122.72695,38.491],[-122.72764,38.491],[-122.72764,38.49154],[-122.72833,38.49154],[-122.72833,38.49208],[-122.72901,38.49208],[-122.72901,38.49262],[-122.7297,38.49262],[-122.7297,38.49316],[-122.73039,38.49316],[-122.73039,38.4937],[-122.73108,38.4937],[-122.73108,38.49424],[-122.73177,38.49424],[-122.73177,38.49477]]],[[[-122.73246,38.49477],[-122.73246,38.49531],[-122.73177,38.49531],[-122.73177,38.49477],[-122.73246,38.49477]]],[[[-122.73384,38.49585],[-122.73384,38.49639],[-122.73453,38.49639],[-122.73453,38.49693],[-122.73453,38.49747],[-122.73384,38.49747],[-122.73384,38.49693],[-122.73315,38.49693],[-122.73315,38.49639],[-122.73246,38.49639],[-122.73246,38.49585],[-122.73246,38.49531],[-122.73315,38.49531],[-122.73315,38.49585],[-122.73384,38.49585]]]]},"properties":{"id":3891,"step":14,"cells":22,"cost":32040,"fuel_group":"grass"}},{"type":"Feature","geometry":{"type":"MultiPolygon","coordinates":[[[[-122.66218,38.49531],[-122.66218,38.49585],[-122.66149,38.49585],[-122.66149,38.49639],[-122.6608,38.49639],[-122.6608,38.49693],[-122.66011,38.49693],[-122.66011,38.49747],[-122.65943,38.49747],[-122.65943,38.49801],[-122.65874,38.49801],[-122.65874,38.49855],[-122.65805,38.49855],[-122.65805,38.49909],[-122.65736,38.49909],[-122.65736,38.49963],[-122.65667,38.49963],[-122.65667,38.50017],[-122.65598,38.50017],[-122.65598,38.50071],[-122.65529,38.50071],[-122.65529,38.50125],[-122.6546,38.50125],[-122.6546,38.50178],[-122.65391,38.50178],[-122.65391,38.50232],[-122.65322,38.50232],[-122.65322,38.50286],[-122.65254,38.50286],[-122.65254,38.5034],[-122.65185,38.5034],[-122.65185,38.50394],[-122.65116,38.50394],[-122.65116,38.50448],[-122.65047,38.50448],[-122.65047,38.50502],[-122.64978,38.50502],[-122.64978,38.50556],[-122.64909,38.50556],[-122.64909,38.50502],[-122.64909,38.50448],[-122.64978,38.50448],[-122.64978,38.50394],[-122.65047,38.50394],[-122.65047,38.5034],[-122.65116,38.5034],[-122.65116,38.50286],[-122.65185,38.50286],[-122.65185,38.50232],[-122.65254,38.50232],[-122.65254,38.50178],[-122.65322,38.50178],[-122.65322,38.50125],[-122.65391,38.50125],[-122.65391,38.50071],[-122.6546,38.50071],[-122.6546,38.50017],[-122.65529,38.50017],[-122.65529,38.49963],[-122.65598,38.49963],[-122.65598,38.49909],[-122.65667,38.49909],[-122.65667,38.49855],[-122.65736,38.49855],[-122.65736,38.49801],[-122.65805,38.49801],[-122.65805,38.49747],[-122.65874,38.49747],[-122.65874,38.49693],[-122.65943,38.49693],[-122.65943,38.49639],[-122.66011,38.49639],[-122.66011,38.49585],[-122.6608,38.49585],[-122.6608,38.49531],[-122.66149,38.49531],[-122.66149,38.49477],[-122.66218,38.49477],[-122.66218,38.49424],[-122.66287,38.49424],[-122.66287,38.49477],[-122.66287,38.49531],[-122.66218,38.49531]]],[[[-122.64771,38.50664],[-122.64771,38.5061],[-122.64771,38.50556],[-122.6484,38.50556],[-122.64909,38.50556],[-122.64909,38.5061],[-122.6484,38.5061],[-122.6484,38.50664],[-122.64771,38.50664]]]]},"properties":{"id":3784,"step":15,"cells":43,"cost":41385,"fuel_group":"grass"}},{"type":"Feature","geometry":{"type":"MultiPolygon","coordinates":[[[[-122.73039,38.49424],[-122.7297,38.49424],[-122.72901,38.49424],[-122.72833,38.49424],[-122.72764,38.49424],[-122.72695,38.49424],[-122.72626,38.49424],[-122.72557,38.49424],[-122.72488,38.49424],[-122.72419,38.49424],[-122.7235,38.49424],[-122.72281,38.49424],[-122.72212,38.49424],[-122.72144,38.49424],[-122.72075,38.49424],[-122.72006,38.49424],[-122.71937,38.49424],[-122.71868,38.49424],[-122.71868,38.4937],[-122.71799,38.4937],[-122.71799,38.49316],[-122.71868,38.49316],[-122.71937,38.49316],[-122.72006,38.49316],[-122.72075,38.49316],[-122.72144,38.49316],[-122.72212,38.49316],[-122.72281,38.49316],[-122.7235,38.49316],[-122.7235,38.4937],[-122.72419,38.4937],[-122.72488,38.4937],[-122.72488,38.49316],[-122.72557,38.49316],[-122.72626,38.49316],[-122.72695,38.49316],[-122.72764,38.49316],[-122.72833,38.49316],[-122.72901,38.49316],[-122.7297,38.49316],[-122.73039,38.49316],[-122.73108,38.49316],[-122.73177,38.49316],[-122.73246,38.49316],[-122.73315,38.49316],[-122.73315,38.4937],[-122.73315,38.49424],[-122.73246,38.49424],[-122.73177,38.49424],[-122.73108,38.49424],[-122.73039,38.49424]]],[[[-122.7173,38.4937],[-122.7173,38.49424],[-122.71661,38.49424],[-122.71592,38.49424],[-122.71523,38.49424],[-122.71455,38.49424],[-122.71455,38.4937],[-122.71455,38.49316],[-122.71523,38.49316],[-122.71592,38.49316],[-122.71661,38.49316],[-122.7173,38.49316],[-122.7173,38.4937]]],[[[-122.71248,38.4937],[-122.71179,38.4937],[-122.71179,38.49316],[-122.71248,38.49316],[-122.71248,38.4937]]],[[[-122.71386,38.4937],[-122.71317,38.4937],[-122.71317,38.49316],[-122.71386,38.49316],[-122.71386,38.4937]]]]},"properties":{"id":3896,"step":16,"cells":51,"cost":57405,"fuel_group":"grass"}},{"type":"Feature","geometry":{"type":"MultiPolygon","coordinates":[[[[-122.74004,38.4883],[-122.74073,38.4883],[-122.74073,38.48884],[-122.74004,38.48884],[-122.73935,38.48884],[-122.73935,38.4883],[-122.73866,38.4883],[-122.73866,38.48776],[-122.73797,38.48776],[-122.73797,38.48722],[-122.73728,38.48722],[-122.73728,38.48669],[-122.73659,38.48669],[-122.73659,38.48615],[-122.7359,38.48615],[-122.7359,38.48561],[-122.73522,38.48561],[-122.73522,38.48507],[-122.73522,38.48453],[-122.7359,38.48453],[-122.7359,38.48507],[-122.73659,38.48507],[-122.73659,38.48561],[-122.73728,38.48561],[-122.73728,38.48615],[-122.73797,38.48615],[-122.73797,38.48669],[-122.73866,38.48669],[-122.73866,38.48722],[-122.73935,38.48722],[-122.73935,38.48776],[-122.74004,38.48776],[-122.74004,38.4883]]],[[[-122.74211,38.48938],[-122.74211,38.48992],[-122.74279,38.48992],[-122.74279,38.49046],[-122.74348,38.49046],[-122.74348,38.491],[-122.74417,38.491],[-122.74417,38.49154],[-122.74417,38.49208],[-122.74348,38.49208],[-122.74348,38.49154],[-122.74279,38.49154],[-122.74279,38.491],[-122.74211,38.491],[-122.74211,38.49046],[-122.74142,38.49046],[-122.74142,38.48992],[-122.74073,38.48992],[-122.74073,38.48938],[-122.74142,38.48938],[-122.74211,38.48938]]],[[[-122.74417,38.49262],[-122.74417,38.49208],[-122.74486,38.49208],[-122.74486,38.49262],[-122.74417,38.49262]]],[[[-122.74624,38.49262],[-122.74624,38.49316],[-122.74624,38.4937],[-122.74555,38.4937],[-122.74555,38.49316],[-122.74486,38.49316],[-122.74486,38.49262],[-122.74555,38.49262],[-122.74624,38.49262]]],[[[-122.74693,38.49424],[-122.74624,38.49424],[-122.74624,38.4937],[-122.74693,38.4937],[-122.74693,38.49424]]],[[[-122.73177,38.48183],[-122.73177,38.48237],[-122.73108,38.48237],[-122.73108,38.48183],[-122.73039,38.48183],[-122.73039,38.48129],[-122.73039,38.48075],[-122.73108,38.48075],[-122.73108,38.48129],[-122.73177,38.48129],[-122.73177,38.48183]]],[[[-122.73177,38.48291],[-122.73177,38.48237],[-122.73246,38.48237],[-122.73246,38.48291],[-122.73177,38.48291]]],[[[-122.73384,38.48291],[-122.73384,38.48345],[-122.73453,38.48345],[-122.73453,38.48399],[-122.73384,38.48399],[-122.73315,38.48399],[-122.73315,38.48345],[-122.73246,38.48345],[-122.73246,38.48291],[-122.73315,38.48291],[-122.73384,38.48291]]]]},"properties":{"id":4065,"step":17,"cells":38,"cost":37380,"fuel_group":"grass"}},{"type":"Feature","geometry":{"type":"MultiPolygon","coordinates":[[[[-122.58088,38.59608],[-122.58088,38.59662],[-122.58157,38.59662],[-122.58157,38.59716],[-122.58226,38.59716],[-122.58226,38.5977],[-122.58295,38.5977],[-122.58295,38.59824],[-122.58226,38.59824],[-122.58157,38.59824],[-122.58157,38.5977],[-122.58088,38.5977],[-122.58088,38.59716],[-122.58019,38.59716],[-122.58019,38.59662],[-122.5795,38.59662],[-122.5795,38.59608],[-122.57881,38.59608],[-122.57881,38.59554],[-122.57812,38.59554],[-122.57812,38.59501],[-122.57744,38.59501],[-122.57744,38.59447],[-122.57744,38.59393],[-122.57812,38.59393],[-122.57812,38.59447],[-122.57881,38.59447],[-122.57881,38.59501],[-122.5795,38.59501],[-122.5795,38.59554],[-122.58019,38.59554],[-122.58019,38.59608],[-122.58088,38.59608]]],[[[-122.58501,38.59985],[-122.5857,38.59985],[-122.5857,38.60039],[-122.58639,38.60039],[-122.58639,38.60093],[-122.5857,38.60093],[-122.58501,38.60093],[-122.58501,38.60039],[-122.58433,38.60039],[-122.58433,38.59985],[-122.58501,38.59985]]],[[[-122.58639,38.60147],[-122.58639,38.60093],[-122.58708,38.60093],[-122.58708,38.60147],[-122.58639,38.60147]]],[[[-122.58777,38.60147],[-122.58777,38.60201],[-122.58708,38.60201],[-122.58708,38.60147],[-122.58777,38.60147]]],[[[-122.58777,38.60201],[-122.58846,38.60201],[-122.58846,38.60254],[-122.58777,38.60254],[-122.58777,38.60201]]],[[[-122.57606,38.59231],[-122.57606,38.59285],[-122.57675,38.59285],[-122.57675,38.59339],[-122.57744,38.59339],[-122.57744,38.59393],[-122.57675,38.59393],[-122.57606,38.59393],[-122.57606,38.59339],[-122.57537,38.59339],[-122.57537,38.59285],[-122.57468,38.59285],[-122.57468,38.59231],[-122.57468,38.59177],[-122.57537,38.59177],[-122.57537,38.59231],[-122.57606,38.59231]]]]},"properties":{"id":924,"step":18,"cells":29,"cost":36045,"fuel_group":"grass"}},{"type":"Feature","geometry":{"type":"Polygon","coordinates":[[[-122.70834,38.56538],[-122.70766,38.56538],[-122.70697,38.56538],[-122.70628,38.56538],[-122.70559,38.56538],[-122.7049,38.56538],[-122.70421,38.56538],[-122.70352,38.56538],[-122.70283,38.56538],[-122.70214,38.56538],[-122.70145,38.56538],[-122.70077,38.56538],[-122.70008,38.56538],[-122.69939,38.56538],[-122.6987,38.56538],[-122.69801,38.56538],[-122.69732,38.56538],[-122.69663,38.56538],[-122.69594,38.56538],[-122.69525,38.56538],[-122.69456,38.56538],[-122.69388,38.56538],[-122.69319,38.56538],[-122.6925,38.56538],[-122.69181,38.56538],[-122.69112,38.56538],[-122.69043,38.56538],[-122.68974,38.56538],[-122.68905,38.56538],[-122.68836,38.56538],[-122.68767,38.56538],[-122.68699,38.56538],[-122.6863,38.56538],[-122.6863,38.56484],[-122.68561,38.56484],[-122.68561,38.5643],[-122.6863,38.5643],[-122.68699,38.5643],[-122.68767,38.5643],[-122.68836,38.5643],[-122.68905,38.5643],[-122.68974,38.5643],[-122.69043,38.5643],[-122.69112,38.5643],[-122.69181,38.5643],[-122.6925,38.5643],[-122.69319,38.5643],[-122.69388,38.5643],[-122.69456,38.5643],[-122.69525,38.5643],[-122.69594,38.5643],[-122.69663,38.5643],[-122.69732,38.5643],[-122.69801,38.5643],[-122.6987,38.5643],[-122.69939,38.5643],[-122.70008,38.5643],[-122.70077,38.5643],[-122.70145,38.5643],[-122.70214,38.5643],[-122.70283,38.5643],[-122.70352,38.5643],[-122.70421,38.5643],[-122.7049,38.5643],[-122.70559,38.5643],[-122.70628,38.5643],[-122.70697,38.5643],[-122.70766,38.5643],[-122.70834,38.5643],[-122.70834,38.56484],[-122.70834,38.56538]]]},"properties":{"id":1728,"step":19,"cells":65,"cost":80545,"fuel_group":"grass"}},{"type":"Feature","geometry":{"type":"MultiPolygon","coordinates":[[[[-122.59948,38.58585],[-122.59879,38.58585],[-122.59879,38.58531],[-122.59811,38.58531],[-122.59811,38.58477],[-122.59742,38.58477],[-122.59742,38.58424],[-122.59673,38.58424],[-122.59673,38.5837],[-122.59604,38.5837],[-122.59604,38.58316],[-122.59673,38.58316],[-122.59742,38.58316],[-122.59742,38.5837],[-122.59811,38.5837],[-122.59811,38.58424],[-122.59879,38.58424],[-122.59879,38.58477],[-122.59948,38.58477],[-122.59948,38.58531],[-122.59948,38.58585]]],[[[-122.60086,38.58639],[-122.60155,38.58639],[-122.60155,38.58693],[-122.60224,38.58693],[-122.60224,38.58747],[-122.60293,38.58747],[-122.60293,38.58801],[-122.60224,38.58801],[-122.60155,38.58801],[-122.60155,38.58747],[-122.60086,38.58747],[-122.60086,38.58693],[-122.60017,38.58693],[-122.60017,38.58639],[-122.60017,38.58585],[-122.60086,38.58585],[-122.60086,38.58639]]],[[[-122.60568,38.58962],[-122.60568,38.59016],[-122.60637,38.59016],[-122.60637,38.5907],[-122.60568,38.5907],[-122.605,38.5907],[-122.605,38.59016],[-122.60431,38.59016],[-122.60431,38.58962],[-122.60362,38.58962],[-122.60362,38.58908],[-122.60431,38.58908],[-122.605,38.58908],[-122.605,38.58962],[-122.60568,38.58962]]],[[[-122.59053,38.57777],[-122.59053,38.57831],[-122.58984,38.57831],[-122.58984,38.57777],[-122.59053,38.57777]]],[[[-122.59259,38.57939],[-122.59259,38.57993],[-122.5919,38.57993],[-122.5919,38.57939],[-122.59259,38.57939]]],[[[-122.59397,38.58046],[-122.59397,38.581],[-122.59328,38.581],[-122.59259,38.581],[-122.59259,38.58046],[-122.59259,38.57993],[-122.59328,38.57993],[-122.59328,38.58046],[-122.59397,38.58046]]],[[[-122.59535,38.58154],[-122.59535,38.58208],[-122.59466,38.58208],[-122.59466,38.58154],[-122.59535,38.58154]]],[[[-122.59604,38.58208],[-122.59604,38.58262],[-122.59535,38.58262],[-122.59535,38.58208],[-122.59604,38.58208]]]]},"properties":{"id":1296,"step":20,"cells":29,"cost":33375,"fuel_group":"grass"}},{"type":"Feature","geometry":{"type":"MultiPolygon","coordinates":[[[[-122.57537,38.59878],[-122.57606,38.59878],[-122.57606,38.59931],[-122.57675,38.59931],[-122.57675,38.59985],[-122.57744,38.59985],[-122.57744,38.60039],[-122.57744,38.60093],[-122.57675,38.60093],[-122.57675,38.60039],[-122.57606,38.60039],[-122.57606,38.59985],[-122.57537,38.59985],[-122.57537,38.59931],[-122.57468,38.59931],[-122.57468,38.59878],[-122.57399,38.59878],[-122.57399,38.59824],[-122.5733,38.59824],[-122.5733,38.5977],[-122.57261,38.5977],[-122.57261,38.59716],[-122.57192,38.59716],[-122.57192,38.59662],[-122.57261,38.59662],[-122.5733,38.59662],[-122.5733,38.59716],[-122.57399,38.59716],[-122.57399,38.5977],[-122.57468,38.5977],[-122.57468,38.59824],[-122.57537,38.59824],[-122.57537,38.59878]]],[[[-122.56986,38.59447],[-122.57055,38.59447],[-122.57055,38.59501],[-122.57123,38.59501],[-122.57123,38.59554],[-122.57192,38.59554],[-122.57192,38.59608],[-122.57123,38.59608],[-122.57055,38.59608],[-122.57055,38.59554],[-122.56986,38.59554],[-122.56986,38.59501],[-122.56917,38.59501],[-122.56917,38.59447],[-122.56917,38.59393],[-122.56986,38.59393],[-122.56986,38.59447]]]]},"properties":{"id":931,"step":21,"cells":22,"cost":40050,"fuel_group":"timber_understory"}},{"type":"Feature","geometry":{"type":"MultiPolygon","coordinates":[[[[-122.67734,38.48669],[-122.67803,38.48669],[-122.67803,38.48722],[-122.67734,38.48722],[-122.67734,38.48669]]],[[[-122.67458,38.48669],[-122.67527,38.48669],[-122.67596,38.48669],[-122.67665,38.48669],[-122.67665,38.48722],[-122.67734,38.48722],[-122.67734,38.48776],[-122.67665,38.48776],[-122.67596,38.48776],[-122.67527,38.48776],[-122.67458,38.48776],[-122.67389,38.48776],[-122.67321,38.48776],[-122.67252,38.48776],[-122.67183,38.48776],[-122.67114,38.48776],[-122.67114,38.48722],[-122.67045,38.48722],[-122.66976,38.48722],[-122.66976,38.48776],[-122.66907,38.48776],[-122.66838,38.48776],[-122.66838,38.48722],[-122.66907,38.48722],[-122.66907,38.48669],[-122.66976,38.48669],[-122.67045,38.48669],[-122.67114,38.48669],[-122.67183,38.48669],[-122.67252,38.48669],[-122.67321,38.48669],[-122.67389,38.48669],[-122.67458,38.48669]]],[[[-122.66838,38.48722],[-122.66769,38.48722],[-122.667,38.48722],[-122.667,38.48776],[-122.66632,38.48776],[-122.66632,38.48722],[-122.66632,38.48669],[-122.667,38.48669],[-122.66769,38.48669],[-122.66838,38.48669],[-122.66838,38.48722]]]]},"properties":{"id":4105,"step":22,"cells":27,"cost":15575,"fuel_group":"grass"}},{"type":"Feature","geometry":{"type":"Polygon","coordinates":[[[-122.70559,38.57508],[-122.70559,38.57562],[-122.70559,38.57616],[-122.70559,38.57669],[-122.70559,38.57723],[-122.70559,38.57777],[-122.70559,38.57831],[-122.70559,38.57885],[-122.70559,38.57939],[-122.70559,38.57993],[-122.70559,38.58046],[-122.70559,38.581],[-122.70559,38.58154],[-122.70559,38.58208],[-122.70559,38.58262],[-122.7049,38.58262],[-122.70421,38.58262],[-122.70421,38.58208],[-122.70421,38.58154],[-122.70421,38.581],[-122.70421,38.58046],[-122.70421,38.57993],[-122.70421,38.57939],[-122.70421,38.57885],[-122.70421,38.57831],[-122.70421,38.57777],[-122.70421,38.57723],[-122.70421,38.57669],[-122.70421,38.57616],[-122.70421,38.57562],[-122.70421,38.57508],[-122.70421,38.57454],[-122.70421,38.574],[-122.70421,38.57346],[-122.7049,38.57346],[-122.70559,38.57346],[-122.70559,38.574],[-122.70559,38.57454],[-122.70559,38.57508]]]},"properties":{"id":1369,"step":23,"cells":34,"cost":21360,"fuel_group":"grass"}},{"type":"Feature","geometry":{"type":"Polygon","coordinates":[[[-122.72557,38.57562],[-122.72488,38.57562],[-122.72488,38.57616],[-122.72419,38.57616],[-122.72419,38.57669],[-122.7235,38.57669],[-122.7235,38.57723],[-122.72281,38.57723],[-122.72281,38.57777],[-122.72212,38.57777],[-122.72212,38.57831],[-122.72144,38.57831],[-122.72144,38.57885],[-122.72075,38.57885],[-122.72075,38.57939],[-122.72006,38.57939],[-122.72006,38.57993],[-122.71937,38.57993],[-122.71937,38.58046],[-122.71868,38.58046],[-122.71868,38.581],[-122.71799,38.581],[-122.71799,38.58154],[-122.7173,38.58154],[-122.7173,38.581],[-122.7173,38.58046],[-122.71799,38.58046],[-122.71799,38.57993],[-122.71868,38.57993],[-122.71868,38.57939],[-122.71937,38.57939],[-122.71937,38.57885],[-122.72006,38.57885],[-122.72006,38.57831],[-122.72075,38.57831],[-122.72075,38.57777],[-122.72144,38.57777],[-122.72144,38.57723],[-122.72212,38.57723],[-122.72212,38.57669],[-122.72281,38.57669],[-122.72281,38.57616],[-122.7235,38.57616],[-122.7235,38.57562],[-122.72419,38.57562],[-122.72419,38.57508],[-122.72488,38.57508],[-122.72488,38.57454],[-122.72557,38.57454],[-122.72557,38.57508],[-122.72557,38.57562]]]},"properties":{"id":1357,"step":24,"cells":24,"cost":49840,"fuel_group":"timber_understory"}},{"type":"Feature","geometry":{"type":"MultiPolygon","coordinates":[[[[-122.57606,38.57777],[-122.57606,38.57723],[-122.57675,38.57723],[-122.57744,38.57723],[-122.57744,38.57777],[-122.57675,38.57777],[-122.57606,38.57777]]],[[[-122.57123,38.57723],[-122.57192,38.57723],[-122.57261,38.57723],[-122.57261,38.57777],[-122.5733,38.57777],[-122.57399,38.57777],[-122.57468,38.57777],[-122.57468,38.57831],[-122.57399,38.57831],[-122.5733,38.57831],[-122.57261,38.57831],[-122.57192,38.57831],[-122.57123,38.57831],[-122.57055,38.57831],[-122.56986,38.57831],[-122.56917,38.57831],[-122.56848,38.57831],[-122.56779,38.57831],[-122.5671,38.57831],[-122.5671,38.57777],[-122.5671,38.57723],[-122.56779,38.57723],[-122.56848,38.57723],[-122.56917,38.57723],[-122.56986,38.57723],[-122.57055,38.57723],[-122.57123,38.57723]]]]},"properties":{"id":1479,"step":25,"cells":21,"cost":14685,"fuel_group":"grass"}},{"type":"Feature","geometry":{"type":"MultiPolygon","coordinates":[[[[-122.68147,38.49424],[-122.68147,38.49477],[-122.68078,38.49477],[-122.68078,38.49424],[-122.6801,38.49424],[-122.6801,38.4937],[-122.67941,38.4937],[-122.67941,38.49316],[-122.67872,38.49316],[-122.67872,38.49262],[-122.67803,38.49262],[-122.67803,38.49208],[-122.67803,38.49154],[-122.67872,38.49154],[-122.67872,38.49208],[-122.67941,38.49208],[-122.67941,38.49262],[-122.6801,38.49262],[-122.6801,38.49316],[-122.68078,38.49316],[-122.68078,38.4937],[-122.68147,38.4937],[-122.68147,38.49424]]],[[[-122.68216,38.49531],[-122.68147,38.49531],[-122.68147,38.49477],[-122.68216,38.49477],[-122.68216,38.49531]]],[[[-122.68285,38.49531],[-122.68285,38.49585],[-122.68216,38.49585],[-122.68216,38.49531],[-122.68285,38.49531]]],[[[-122.68423,38.49585],[-122.68423,38.49639],[-122.68354,38.49639],[-122.68354,38.49585],[-122.68423,38.49585]]],[[[-122.68561,38.49747],[-122.6863,38.49747],[-122.6863,38.49801],[-122.68699,38.49801],[-122.68699,38.49855],[-122.68767,38.49855],[-122.68767,38.49909],[-122.68836,38.49909],[-122.68836,38.49963],[-122.68905,38.49963],[-122.68905,38.50017],[-122.68905,38.50071],[-122.68836,38.50071],[-122.68836,38.50017],[-122.68767,38.50017],[-122.68767,38.49963],[-122.68699,38.49963],[-122.68699,38.49909],[-122.6863,38.49909],[-122.6863,38.49855],[-122.68561,38.49855],[-122.68561,38.49801],[-122.68492,38.49801],[-122.68492,38.49747],[-122.68423,38.49747],[-122.68423,38.49693],[-122.68492,38.49693],[-122.68561,38.49693],[-122.68561,38.49747]]],[[[-122.67389,38.4883],[-122.67458,38.4883],[-122.67458,38.48884],[-122.67527,38.48884],[-122.67527,38.48938],[-122.67596,38.48938],[-122.67596,38.48992],[-122.67665,38.48992],[-122.67665,38.49046],[-122.67665,38.491],[-122.67596,38.491],[-122.67596,38.49046],[-122.67527,38.49046],[-122.67527,38.48992],[-122.67458,38.48992],[-122.67458,38.48938],[-122.67389,38.48938],[-122.67389,38.48884],[-122.67321,38.48884],[-122.67321,38.4883],[-122.67252,38.4883],[-122.67252,38.48776],[-122.67252,38.48722],[-122.67321,38.48722],[-122.67321,38.48776],[-122.67389,38.48776],[-122.67389,38.4883]]],[[[-122.67803,38.49154],[-122.67734,38.49154],[-122.67665,38.49154],[-122.67665,38.491],[-122.67734,38.491],[-122.67803,38.491],[-122.67803,38.49154]]]]},"properties":{"id":3932,"step":26,"cells":40,"cost":32930,"fuel_group":"grass"}},{"type":"Feature","geometry":{"type":"MultiPolygon","coordinates":[[[[-122.65598,38.48722],[-122.65667,38.48722],[-122.65667,38.48776],[-122.65736,38.48776],[-122.65736,38.4883],[-122.65805,38.4883],[-122.65805,38.48884],[-122.65736,38.48884],[-122.65667,38.48884],[-122.65667,38.4883],[-122.65598,38.4883],[-122.65598,38.48776],[-122.65529,38.48776],[-122.65529,38.48722],[-122.6546,38.48722],[-122.6546,38.48669],[-122.65391,38.48669],[-122.65391,38.48615],[-122.65322,38.48615],[-122.65322,38.48561],[-122.65254,38.48561],[-122.65254,38.48507],[-122.65185,38.48507],[-122.65185,38.48453],[-122.65185,38.48399],[-122.65254,38.48399],[-122.65254,38.48453],[-122.65322,38.48453],[-122.65322,38.48507],[-122.65391,38.48507],[-122.65391,38.48561],[-122.6546,38.48561],[-122.6546,38.48615],[-122.65529,38.48615],[-122.65529,38.48669],[-122.65598,38.48669],[-122.65598,38.48722]]],[[[-122.65943,38.48938],[-122.65943,38.48992],[-122.65874,38.48992],[-122.65805,38.48992],[-122.65805,38.48938],[-122.65805,38.48884],[-122.65874,38.48884],[-122.65874,38.48938],[-122.65943,38.48938]]],[[[-122.65943,38.491],[-122.65943,38.49046],[-122.65943,38.48992],[-122.66011,38.48992],[-122.66011,38.49046],[-122.66011,38.491],[-122.65943,38.491]]]]},"properties":{"id":4122,"step":27,"cells":22,"cost":24030,"fuel_group":"grass"}},{"type":"Feature","geometry":{"type":"Polygon","coordinates":[[[-122.63462,38.46835],[-122.63393,38.46835],[-122.63324,38.46835],[-122.63255,38.46835],[-122.63187,38.46835],[-122.63118,38.46835],[-122.63049,38.46835],[-122.6298,38.46835],[-122.62911,38.46835],[-122.62842,38.46835],[-122.62773,38.46835],[-122.62704,38.46835],[-122.62635,38.46835],[-122.62566,38.46835],[-122.62498,38.46835],[-122.62429,38.46835],[-122.6236,38.46835],[-122.62291,38.46835],[-122.62222,38.46835],[-122.62153,38.46835],[-122.62084,38.46835],[-122.62015,38.46835],[-122.61946,38.46835],[-122.61946,38.46781],[-122.61946,38.46727],[-122.62015,38.46727],[-122.62084,38.46727],[-122.62153,38.46727],[-122.62153,38.46781],[-122.62222,38.46781],[-122.62222,38.46727],[-122.62291,38.46727],[-122.6236,38.46727],[-122.62429,38.46727],[-122.62498,38.46727],[-122.62566,38.46727],[-122.62566,38.46781],[-122.62635,38.46781],[-122.62635,38.46727],[-122.62704,38.46727],[-122.62773,38.46727],[-122.62773,38.46781],[-122.62842,38.46781],[-122.62842,38.46727],[-122.62911,38.46727],[-122.6298,38.46727],[-122.63049,38.46727],[-122.63118,38.46727],[-122.63187,38.46727],[-122.63255,38.46727],[-122.63324,38.46727],[-122.63393,38.46727],[-122.63462,38.46727],[-122.63531,38.46727],[-122.636,38.46727],[-122.636,38.46781],[-122.63531,38.46781],[-122.63531,38.46835],[-122.63462,38.46835]]]},"properties":{"id":4471,"step":28,"cells":44,"cost":36490,"fuel_group":"grass"}},{"type":"Feature","geometry":{"type":"MultiPolygon","coordinates":[[[[-122.73039,38.48669],[-122.73039,38.48722],[-122.73108,38.48722],[-122.73108,38.48776],[-122.73177,38.48776],[-122.73177,38.4883],[-122.73246,38.4883],[-122.73246,38.48884],[-122.73315,38.48884],[-122.73315,38.48938],[-122.73246,38.48938],[-122.73177,38.48938],[-122.73177,38.48884],[-122.73108,38.48884],[-122.73108,38.4883],[-122.73039,38.4883],[-122.73039,38.48776],[-122.7297,38.48776],[-122.7297,38.48722],[-122.72901,38.48722],[-122.72901,38.48669],[-122.72833,38.48669],[-122.72833,38.48615],[-122.72764,38.48615],[-122.72764,38.48561],[-122.72695,38.48561],[-122.72695,38.48507],[-122.72626,38.48507],[-122.72626,38.48453],[-122.72557,38.48453],[-122.72557,38.48399],[-122.72488,38.48399],[-122.72488,38.48345],[-122.72419,38.48345],[-122.72419,38.48291],[-122.7235,38.48291],[-122.7235,38.48237],[-122.72419,38.48237],[-122.72488,38.48237],[-122.72488,38.48291],[-122.72557,38.48291],[-122.72557,38.48345],[-122.72626,38.48345],[-122.72626,38.48399],[-122.72695,38.48399],[-122.72695,38.48453],[-122.72764,38.48453],[-122.72764,38.48507],[-122.72833,38.48507],[-122.72833,38.48561],[-122.72901,38.48561],[-122.72901,38.48615],[-122.7297,38.48615],[-122.7297,38.48669],[-122.73039,38.48669]]],[[[-122.73522,38.49046],[-122.73522,38.491],[-122.7359,38.491],[-122.7359,38.49154],[-122.73659,38.49154],[-122.73659,38.49208],[-122.7359,38.49208],[-122.73522,38.49208],[-122.73522,38.49154],[-122.73453,38.49154],[-122.73453,38.491],[-122.73384,38.491],[-122.73384,38.49046],[-122.73453,38.49046],[-122.73522,38.49046]]],[[[-122.73797,38.4937],[-122.73728,38.4937],[-122.73728,38.49316],[-122.73659,38.49316],[-122.73659,38.49262],[-122.73659,38.49208],[-122.73728,38.49208],[-122.73728,38.49262],[-122.73797,38.49262],[-122.73797,38.49316],[-122.73797,38.4937]]]]},"properties":{"id":4073,"step":29,"cells":36,"cost":46280,"fuel_group":"grass"}},{"type":"Feature","geometry":{"type":"Polygon","coordinates":[[[-122.66838,38.5034],[-122.66907,38.5034],[-122.66907,38.50394],[-122.66976,38.50394],[-122.66976,38.50448],[-122.67045,38.50448],[-122.67045,38.50502],[-122.67114,38.50502],[-122.67114,38.50556],[-122.67183,38.50556],[-122.67183,38.5061],[-122.67252,38.5061],[-122.67252,38.50664],[-122.67252,38.50718],[-122.67183,38.50718],[-122.67183,38.50664],[-122.67114,38.50664],[-122.67114,38.5061],[-122.67045,38.5061],[-122.67045,38.50556],[-122.66976,38.50556],[-122.66976,38.50502],[-122.66907,38.50502],[-122.66907,38.50448],[-122.66838,38.50448],[-122.66838,38.50394],[-122.66769,38.50394],[-122.66769,38.5034],[-122.667,38.5034],[-122.667,38.50286],[-122.66632,38.50286],[-122.66632,38.50232],[-122.66563,38.50232],[-122.66563,38.50178],[-122.66494,38.50178],[-122.66494,38.50125],[-122.66425,38.50125],[-122.66425,38.50071],[-122.66356,38.50071],[-122.66356,38.50017],[-122.66287,38.50017],[-122.66287,38.49963],[-122.66218,38.49963],[-122.66218,38.49909],[-122.66149,38.49909],[-122.66149,38.49855],[-122.6608,38.49855],[-122.6608,38.49801],[-122.66011,38.49801],[-122.66011,38.49747],[-122.65943,38.49747],[-122.65943,38.49693],[-122.65874,38.49693],[-122.65874,38.49639],[-122.65805,38.49639],[-122.65805,38.49585],[-122.65736,38.49585],[-122.65736,38.49531],[-122.65667,38.49531],[-122.65667,38.49477],[-122.65598,38.49477],[-122.65598,38.49424],[-122.65598,38.4937],[-122.65667,38.4937],[-122.65667,38.49424],[-122.65736,38.49424],[-122.65736,38.49477],[-122.65805,38.49477],[-122.65805,38.49531],[-122.65874,38.49531],[-122.65874,38.49585],[-122.65943,38.49585],[-122.65943,38.49639],[-122.66011,38.49639],[-122.66011,38.49693],[-122.6608,38.49693],[-122.6608,38.49747],[-122.66149,38.49747],[-122.66149,38.49801],[-122.66218,38.49801],[-122.66218,38.49855],[-122.66287,38.49855],[-122.66287,38.49909],[-122.66356,38.49909],[-122.66356,38.49963],[-122.66425,38.49963],[-122.66425,38.50017],[-122.66494,38.50017],[-122.66494,38.50071],[-122.66563,38.50071],[-122.66563,38.50125],[-122.66632,38.50125],[-122.66632,38.50178],[-122.667,38.50178],[-122.667,38.50232],[-122.66769,38.50232],[-122.66769,38.50286],[-122.66838,38.50286],[-122.66838,38.5034]]]},"properties":{"id":3774,"step":30,"cells":48,"cost":55180,"fuel_group":"grass"}},{"type":"Feature","geometry":{"type":"MultiPolygon","coordinates":[[[[-122.6546,38.48183],[-122.6546,38.48237],[-122.65391,38.48237],[-122.65391,38.48183],[-122.6546,38.48183]]],[[[-122.65254,38.48399],[-122.65185,38.48399],[-122.65185,38.48453],[-122.65116,38.48453],[-122.65116,38.48507],[-122.65047,38.48507],[-122.65047,38.48561],[-122.64978,38.48561],[-122.64978,38.48615],[-122.64909,38.48615],[-122.64909,38.48669],[-122.6484,38.48669],[-122.6484,38.48722],[-122.64771,38.48722],[-122.64771,38.48776],[-122.64702,38.48776],[-122.64702,38.4883],[-122.64633,38.4883],[-122.64633,38.48884],[-122.64565,38.48884],[-122.64565,38.48938],[-122.64496,38.48938],[-122.64496,38.48992],[-122.64427,38.48992],[-122.64427,38.49046],[-122.64358,38.49046],[-122.64358,38.491],[-122.64289,38.491],[-122.64289,38.49154],[-122.6422,38.49154],[-122.6422,38.491],[-122.6422,38.49046],[-122.64289,38.49046],[-122.64289,38.48992],[-122.64358,38.48992],[-122.64358,38.48938],[-122.64427,38.48938],[-122.64427,38.48884],[-122.64496,38.48884],[-122.64496,38.4883],[-122.64565,38.4883],[-122.64565,38.48776],[-122.64633,38.48776],[-122.64633,38.48722],[-122.64702,38.48722],[-122.64702,38.48669],[-122.64771,38.48669],[-122.64771,38.48615],[-122.6484,38.48615],[-122.6484,38.48561],[-122.64909,38.48561],[-122.64909,38.48507],[-122.64978,38.48507],[-122.64978,38.48453],[-122.65047,38.48453],[-122.65047,38.48399],[-122.65116,38.48399],[-122.65116,38.48345],[-122.65185,38.48345],[-122.65185,38.48291],[-122.65254,38.48291],[-122.65254,38.48237],[-122.65322,38.48237],[-122.65322,38.48291],[-122.65322,38.48345],[-122.65254,38.48345],[-122.65254,38.48399]]],[[[-122.64082,38.49262],[-122.64082,38.49316],[-122.64013,38.49316],[-122.64013,38.4937],[-122.63944,38.4937],[-122.63944,38.49424],[-122.63876,38.49424],[-122.63876,38.4937],[-122.63876,38.49316],[-122.63944,38.49316],[-122.63944,38.49262],[-122.64013,38.49262],[-122.64013,38.49208],[-122.64082,38.49208],[-122.64082,38.49154],[-122.64151,38.49154],[-122.6422,38.49154],[-122.6422,38.49208],[-122.64151,38.49208],[-122.64151,38.49262],[-122.64082,38.49262]]]]},"properties":{"id":4133,"step":31,"cells":42,"cost":69420,"fuel_group":"timber_understory"}},{"type":"Feature","geometry":{"type":"MultiPolygon","coordinates":[[[[-122.60017,38.60254],[-122.59948,38.60254],[-122.59948,38.60308],[-122.59879,38.60308],[-122.59879,38.60362],[-122.59811,38.60362],[-122.59811,38.60416],[-122.59742,38.60416],[-122.59742,38.6047],[-122.59673,38.6047],[-122.59673,38.60524],[-122.59604,38.60524],[-122.59604,38.6047],[-122.59604,38.60416],[-122.59673,38.60416],[-122.59673,38.60362],[-122.59742,38.60362],[-122.59742,38.60308],[-122.59811,38.60308],[-122.59811,38.60254],[-122.59879,38.60254],[-122.59879,38.60201],[-122.59948,38.60201],[-122.59948,38.60147],[-122.60017,38.60147],[-122.60086,38.60147],[-122.60086,38.60201],[-122.60017,38.60201],[-122.60017,38.60254]]],[[[-122.59604,38.60524],[-122.59604,38.60578],[-122.59535,38.60578],[-122.59535,38.60524],[-122.59604,38.60524]]],[[[-122.59466,38.60685],[-122.59397,38.60685],[-122.59397,38.60631],[-122.59397,38.60578],[-122.59466,38.60578],[-122.59535,38.60578],[-122.59535,38.60631],[-122.59466,38.60631],[-122.59466,38.60685]]]]},"properties":{"id":734,"step":32,"cells":17,"cost":29815,"fuel_group":"timber_understory"}},{"type":"Feature","geometry":{"type":"Polygon","coordinates":[[[-122.55745,38.60954],[-122.55814,38.60954],[-122.55883,38.60954],[-122.55952,38.60954],[-122.56021,38.60954],[-122.5609,38.60954],[-122.56159,38.60954],[-122.56228,38.60954],[-122.56228,38.61008],[-122.56228,38.61062],[-122.56159,38.61062],[-122.5609,38.61062],[-122.56021,38.61062],[-122.55952,38.61062],[-122.55883,38.61062],[-122.55814,38.61062],[-122.55745,38.61062],[-122.55677,38.61062],[-122.55608,38.61062],[-122.55539,38.61062],[-122.5547,38.61062],[-122.55401,38.61062],[-122.55332,38.61062],[-122.55263,38.61062],[-122.55194,38.61062],[-122.55125,38.61062],[-122.55056,38.61062],[-122.55056,38.61008],[-122.55056,38.60954],[-122.55125,38.60954],[-122.55194,38.60954],[-122.55263,38.60954],[-122.55332,38.60954],[-122.55401,38.60954],[-122.5547,38.60954],[-122.55539,38.60954],[-122.55608,38.60954],[-122.55677,38.60954],[-122.55745,38.60954]]]},"properties":{"id":580,"step":33,"cells":34,"cost":52510,"fuel_group":"shrub"}},{"type":"Feature","geometry":{"type":"Polygon","coordinates":[[[-122.63255,38.62354],[-122.63255,38.62408],[-122.63324,38.62408],[-122.63324,38.62462],[-122.63393,38.62462],[-122.63393,38.62516],[-122.63462,38.62516],[-122.63462,38.62569],[-122.63531,38.62569],[-122.63531,38.62623],[-122.63531,38.62677],[-122.63462,38.62677],[-122.63462,38.62623],[-122.63393,38.62623],[-122.63393,38.62569],[-122.63324,38.62569],[-122.63324,38.62516],[-122.63255,38.62516],[-122.63255,38.62462],[-122.63187,38.62462],[-122.63187,38.62408],[-122.63118,38.62408],[-122.63118,38.62354],[-122.63049,38.62354],[-122.63049,38.623],[-122.6298,38.623],[-122.6298,38.62246],[-122.62911,38.62246],[-122.62911,38.62193],[-122.62842,38.62193],[-122.62842,38.62139],[-122.62773,38.62139],[-122.62773,38.62085],[-122.62704,38.62085],[-122.62704,38.62031],[-122.62704,38.61977],[-122.62773,38.61977],[-122.62773,38.62031],[-122.62842,38.62031],[-122.62842,38.62085],[-122.62911,38.62085],[-122.62911,38.62139],[-122.6298,38.62139],[-122.6298,38.62193],[-122.63049,38.62193],[-122.63049,38.62246],[-122.63118,38.62246],[-122.63118,38.623],[-122.63187,38.623],[-122.63187,38.62354],[-122.63255,38.62354]]]},"properties":{"id":140,"step":34,"cells":24,"cost":20470,"fuel_group":"grass"}},{"type":"Feature","geometry":{"type":"Polygon","coordinates":[[[-122.71661,38.57831],[-122.71592,38.57831],[-122.71523,38.57831],[-122.71455,38.57831],[-122.71386,38.57831],[-122.71317,38.57831],[-122.71248,38.57831],[-122.71179,38.57831],[-122.7111,38.57831],[-122.71041,38.57831],[-122.70972,38.57831],[-122.70903,38.57831],[-122.70834,38.57831],[-122.70766,38.57831],[-122.70697,38.57831],[-122.70628,38.57831],[-122.70559,38.57831],[-122.7049,38.57831],[-122.70421,38.57831],[-122.70352,38.57831],[-122.70283,38.57831],[-122.70214,38.57831],[-122.70145,38.57831],[-122.70077,38.57831],[-122.70008,38.57831],[-122.69939,38.57831],[-122.6987,38.57831],[-122.69801,38.57831],[-122.69732,38.57831],[-122.69663,38.57831],[-122.69594,38.57831],[-122.69525,38.57831],[-122.69456,38.57831],[-122.69388,38.57831],[-122.69388,38.57777],[-122.69388,38.57723],[-122.69456,38.57723],[-122.69525,38.57723],[-122.69594,38.57723],[-122.69663,38.57723],[-122.69732,38.57723],[-122.69801,38.57723],[-122.6987,38.57723],[-122.69939,38.57723],[-122.70008,38.57723],[-122.70077,38.57723],[-122.70145,38.57723],[-122.70214,38.57723],[-122.70283,38.57723],[-122.70352,38.57723],[-122.70421,38.57723],[-122.7049,38.57723],[-122.70559,38.57723],[-122.70628,38.57723],[-122.70697,38.57723],[-122.70766,38.57723],[-122.70834,38.57723],[-122.70903,38.57723],[-122.70972,38.57723],[-122.71041,38.57723],[-122.7111,38.57723],[-122.71179,38.57723],[-122.71248,38.57723],[-122.71317,38.57723],[-122.71386,38.57723],[-122.71455,38.57723],[-122.71523,38.57723],[-122.71592,38.57723],[-122.71661,38.57723],[-122.71661,38.57777],[-122.71661,38.57831]]]},"properties":{"id":1368,"step":35,"cells":66,"cost":64970,"fuel_group":"grass"}},{"type":"Feature","geometry":{"type":"MultiPolygon","coordinates":[[[[-122.76691,38.48722],[-122.76691,38.48669],[-122.7676,38.48669],[-122.76829,38.48669],[-122.76898,38.48669],[-122.76898,38.48722],[-122.76898,38.48776],[-122.76829,38.48776],[-122.76829,38.48722],[-122.7676,38.48722],[-122.76691,38.48722]]],[[[-122.76622,38.48669],[-122.76622,38.48722],[-122.76691,38.48722],[-122.76691,38.48776],[-122.76622,38.48776],[-122.76553,38.48776],[-122.76484,38.48776],[-122.76484,38.48722],[-122.76415,38.48722],[-122.76346,38.48722],[-122.76278,38.48722],[-122.76209,38.48722],[-122.7614,38.48722],[-122.76071,38.48722],[-122.76002,38.48722],[-122.76002,38.48776],[-122.75933,38.48776],[-122.75933,38.48722],[-122.75864,38.48722],[-122.75864,38.48776],[-122.75795,38.48776],[-122.75795,38.48722],[-122.75726,38.48722],[-122.75726,38.48669],[-122.75795,38.48669],[-122.75864,38.48669],[-122.75933,38.48669],[-122.76002,38.48669],[-122.76071,38.48669],[-122.7614,38.48669],[-122.76209,38.48669],[-122.76278,38.48669],[-122.76346,38.48669],[-122.76415,38.48669],[-122.76484,38.48669],[-122.76553,38.48669],[-122.76622,38.48669]]]]},"properties":{"id":4054,"step":36,"cells":22,"cost":16020,"fuel_group":"grass"}},{"type":"Feature","geometry":{"type":"Polygon","coordinates":[[[-122.69181,38.49424],[-122.69112,38.49424],[-122.69043,38.49424],[-122.68974,38.49424],[-122.68905,38.49424],[-122.68836,38.49424],[-122.68767,38.49424],[-122.68699,38.49424],[-122.6863,38.49424],[-122.68561,38.49424],[-122.68492,38.49424],[-122.68423,38.49424],[-122.68354,38.49424],[-122.68285,38.49424],[-122.68216,38.49424],[-122.68147,38.49424],[-122.68078,38.49424],[-122.6801,38.49424],[-122.67941,38.49424],[-122.67872,38.49424],[-122.67803,38.49424],[-122.67734,38.49424],[-122.67665,38.49424],[-122.67596,38.49424],[-122.67527,38.49424],[-122.67458,38.49424],[-122.67389,38.49424],[-122.67321,38.49424],[-122.67252,38.49424],[-122.67183,38.49424],[-122.67114,38.49424],[-122.67045,38.49424],[-122.66976,38.49424],[-122.66907,38.49424],[-122.66907,38.4937],[-122.66907,38.49316],[-122.66976,38.49316],[-122.67045,38.49316],[-122.67114,38.49316],[-122.67183,38.49316],[-122.67252,38.49316],[-122.67321,38.49316],[-122.67389,38.49316],[-122.67458,38.49316],[-122.67527,38.49316],[-122.67596,38.49316],[-122.67665,38.49316],[-122.67734,38.49316],[-122.67803,38.49316],[-122.67872,38.49316],[-122.67941,38.49316],[-122.6801,38.49316],[-122.68078,38.49316],[-122.68147,38.49316],[-122.68216,38.49316],[-122.68285,38.49316],[-122.68354,38.49316],[-122.68423,38.49316],[-122.68492,38.49316],[-122.68561,38.49316],[-122.6863,38.49316],[-122.68699,38.49316],[-122.68767,38.49316],[-122.68836,38.49316],[-122.68905,38.49316],[-122.68974,38.49316],[-122.69043,38.49316],[-122.69112,38.49316],[-122.69181,38.49316],[-122.69181,38.4937],[-122.69181,38.49424]]]},"properties":{"id":3928,"step":37,"cells":66,"cost":56960,"fuel_group":"grass"}},{"type":"Feature","geometry":{"type":"MultiPolygon","coordinates":[[[[-122.73177,38.5476],[-122.73177,38.54706],[-122.73177,38.54652],[-122.73246,38.54652],[-122.73246,38.54706],[-122.73246,38.5476],[-122.73177,38.5476]]],[[[-122.73384,38.54814],[-122.73453,38.54814],[-122.73453,38.54868],[-122.73522,38.54868],[-122.73522,38.54922],[-122.7359,38.54922],[-122.7359,38.54976],[-122.73659,38.54976],[-122.73659,38.5503],[-122.73728,38.5503],[-122.73728,38.55084],[-122.73797,38.55084],[-122.73797,38.55137],[-122.73866,38.55137],[-122.73866,38.55191],[-122.73866,38.55245],[-122.73797,38.55245],[-122.73797,38.55191],[-122.73728,38.55191],[-122.73728,38.55137],[-122.73659,38.55137],[-122.73659,38.55084],[-122.7359,38.55084],[-122.7359,38.5503],[-122.73522,38.5503],[-122.73522,38.54976],[-122.73453,38.54976],[-122.73453,38.54922],[-122.73384,38.54922],[-122.73384,38.54868],[-122.73315,38.54868],[-122.73315,38.54814],[-122.73246,38.54814],[-122.73246,38.5476],[-122.73315,38.5476],[-122.73384,38.5476],[-122.73384,38.54814]]],[[[-122.7235,38.54006],[-122.72419,38.54006],[-122.72419,38.5406],[-122.72419,38.54114],[-122.7235,38.54114],[-122.7235,38.5406],[-122.72281,38.5406],[-122.72281,38.54006],[-122.72212,38.54006],[-122.72212,38.53952],[-122.72212,38.53898],[-122.72281,38.53898],[-122.72281,38.53952],[-122.7235,38.53952],[-122.7235,38.54006]]],[[[-122.72626,38.54221],[-122.72557,38.54221],[-122.72488,38.54221],[-122.72488,38.54167],[-122.72557,38.54167],[-122.72626,38.54167],[-122.72626,38.54221]]],[[[-122.72695,38.54275],[-122.72626,38.54275],[-122.72626,38.54221],[-122.72695,38.54221],[-122.72695,38.54275]]],[[[-122.72695,38.54329],[-122.72695,38.54275],[-122.72764,38.54275],[-122.72764,38.54329],[-122.72695,38.54329]]],[[[-122.7297,38.54437],[-122.7297,38.54491],[-122.73039,38.54491],[-122.73039,38.54545],[-122.73039,38.54599],[-122.7297,38.54599],[-122.7297,38.54545],[-122.72901,38.54545],[-122.72901,38.54491],[-122.72833,38.54491],[-122.72833,38.54437],[-122.72764,38.54437],[-122.72764,38.54383],[-122.72764,38.54329],[-122.72833,38.54329],[-122.72833,38.54383],[-122.72901,38.54383],[-122.72901,38.54437],[-122.7297,38.54437]]],[[[-122.73177,38.54652],[-122.73108,38.54652],[-122.73108,38.54599],[-122.73177,38.54599],[-122.73177,38.54652]]]]},"properties":{"id":2331,"step":38,"cells":38,"cost":50730,"fuel_group":"grass"}},{"type":"Feature","geometry":{"type":"Polygon","coordinates":[[[-122.71523,38.5977],[-122.71523,38.59824],[-122.71592,38.59824],[-122.71592,38.59878],[-122.71661,38.59878],[-122.71661,38.59931],[-122.7173,38.59931],[-122.7173,38.59985],[-122.71799,38.59985],[-122.71799,38.60039],[-122.71799,38.60093],[-122.7173,38.60093],[-122.7173,38.60039],[-122.71661,38.60039],[-122.71661,38.59985],[-122.71592,38.59985],[-122.71592,38.59931],[-122.71523,38.59931],[-122.71523,38.59878],[-122.71455,38.59878],[-122.71455,38.59824],[-122.71386,38.59824],[-122.71386,38.5977],[-122.71317,38.5977],[-122.71317,38.59716],[-122.71248,38.59716],[-122.71248,38.59662],[-122.71179,38.59662],[-122.71179,38.59608],[-122.7111,38.59608],[-122.7111,38.59554],[-122.71041,38.59554],[-122.71041,38.59501],[-122.70972,38.59501],[-122.70972,38.59447],[-122.70972,38.59393],[-122.71041,38.59393],[-122.71041,38.59447],[-122.7111,38.59447],[-122.7111,38.59501],[-122.71179,38.59501],[-122.71179,38.59554],[-122.71248,38.59554],[-122.71248,38.59608],[-122.71317,38.59608],[-122.71317,38.59662],[-122.71386,38.59662],[-122.71386,38.59716],[-122.71455,38.59716],[-122.71455,38.5977],[-122.71523,38.5977]]]},"properties":{"id":823,"step":39,"cells":24,"cost":31150,"fuel_group":"grass"}},{"type":"Feature","geometry":{"type":"MultiPolygon","coordinates":[[[[-122.65047,38.50987],[-122.65116,38.50987],[-122.65116,38.51041],[-122.65047,38.51041],[-122.65047,38.50987]]],[[[-122.64909,38.51149],[-122.64909,38.51095],[-122.64978,38.51095],[-122.65047,38.51095],[-122.65047,38.51149],[-122.64978,38.51149],[-122.64909,38.51149]]],[[[-122.6484,38.51257],[-122.6484,38.51311],[-122.64771,38.51311],[-122.64771,38.51365],[-122.64702,38.51365],[-122.64702,38.51419],[-122.64633,38.51419],[-122.64633,38.51472],[-122.64565,38.51472],[-122.64565,38.51526],[-122.64496,38.51526],[-122.64496,38.5158],[-122.64427,38.5158],[-122.64427,38.51634],[-122.64358,38.51634],[-122.64358,38.51688],[-122.64289,38.51688],[-122.64289,38.51634],[-122.64289,38.5158],[-122.64358,38.5158],[-122.64358,38.51526],[-122.64427,38.51526],[-122.64427,38.51472],[-122.64496,38.51472],[-122.64496,38.51419],[-122.64565,38.51419],[-122.64565,38.51365],[-122.64633,38.51365],[-122.64633,38.51311],[-122.64702,38.51311],[-122.64702,38.51257],[-122.64771,38.51257],[-122.64771,38.51203],[-122.6484,38.51203],[-122.6484,38.51149],[-122.64909,38.51149],[-122.64909,38.51203],[-122.64909,38.51257],[-122.6484,38.51257]]]]},"properties":{"id":3414,"step":40,"cells":21,"cost":12905,"fuel_group":"grass"}},{"type":"Feature","geometry":{"type":"MultiPolygon","coordinates":[[[[-122.60775,38.61762],[-122.60775,38.61816],[-122.60706,38.61816],[-122.60706,38.61762],[-122.60637,38.61762],[-122.60637,38.61708],[-122.60568,38.61708],[-122.60568,38.61654],[-122.605,38.61654],[-122.605,38.616],[-122.60431,38.616],[-122.60431,38.61547],[-122.60362,38.61547],[-122.60362,38.61493],[-122.60293,38.61493],[-122.60293,38.61439],[-122.60224,38.61439],[-122.60224,38.61385],[-122.60224,38.61331],[-122.60293,38.61331],[-122.60293,38.61385],[-122.60362,38.61385],[-122.60362,38.61439],[-122.60431,38.61439],[-122.60431,38.61493],[-122.605,38.61493],[-122.605,38.61547],[-122.60568,38.61547],[-122.60568,38.616],[-122.60637,38.616],[-122.60637,38.61654],[-122.60706,38.61654],[-122.60706,38.61708],[-122.60775,38.61708],[-122.60775,38.61762]]],[[[-122.60844,38.6187],[-122.60775,38.6187],[-122.60775,38.61816],[-122.60844,38.61816],[-122.60844,38.6187]]],[[[-122.60913,38.6187],[-122.60982,38.6187],[-122.60982,38.61923],[-122.61051,38.61923],[-122.61051,38.61977],[-122.61051,38.62031],[-122.60982,38.62031],[-122.60982,38.61977],[-122.60913,38.61977],[-122.60913,38.61923],[-122.60844,38.61923],[-122.60844,38.6187],[-122.60913,38.6187]]]]},"properties":{"id":351,"step":41,"cells":22,"cost":23140,"fuel_group":"grass"}},{"type":"Feature","geometry":{"type":"MultiPolygon","coordinates":[[[[-122.73315,38.50178],[-122.73315,38.50232],[-122.73384,38.50232],[-122.73384,38.50286],[-122.73453,38.50286],[-122.73453,38.5034],[-122.73522,38.5034],[-122.73522,38.50394],[-122.7359,38.50394],[-122.7359,38.50448],[-122.73659,38.50448],[-122.73659,38.50502],[-122.73728,38.50502],[-122.73728,38.50556],[-122.73659,38.50556],[-122.7359,38.50556],[-122.7359,38.50502],[-122.73522,38.50502],[-122.73522,38.50448],[-122.73453,38.50448],[-122.73453,38.50394],[-122.73384,38.50394],[-122.73384,38.5034],[-122.73315,38.5034],[-122.73315,38.50286],[-122.73246,38.50286],[-122.73246,38.50232],[-122.73177,38.50232],[-122.73177,38.50178],[-122.73108,38.50178],[-122.73108,38.50125],[-122.73039,38.50125],[-122.73039,38.50071],[-122.7297,38.50071],[-122.7297,38.50017],[-122.72901,38.50017],[-122.72901,38.49963],[-122.72833,38.49963],[-122.72833,38.49909],[-122.72764,38.49909],[-122.72764,38.49855],[-122.72695,38.49855],[-122.72695,38.49801],[-122.72626,38.49801],[-122.72626,38.49747],[-122.72557,38.49747],[-122.72557,38.49693],[-122.72488,38.49693],[-122.72488,38.49639],[-122.72419,38.49639],[-122.72419,38.49585],[-122.7235,38.49585],[-122.7235,38.49531],[-122.72281,38.49531],[-122.72281,38.49477],[-122.72212,38.49477],[-122.72212,38.49424],[-122.72212,38.4937],[-122.72281,38.4937],[-122.72281,38.49424],[-122.7235,38.49424],[-122.7235,38.49477],[-122.72419,38.49477],[-122.72419,38.49531],[-122.72488,38.49531],[-122.72488,38.49585],[-122.72557,38.49585],[-122.72557,38.49639],[-122.72626,38.49639],[-122.72626,38.49693],[-122.72695,38.49693],[-122.72695,38.49747],[-122.72764,38.49747],[-122.72764,38.49801],[-122.72833,38.49801],[-122.72833,38.49855],[-122.72901,38.49855],[-122.72901,38.49909],[-122.7297,38.49909],[-122.7297,38.49963],[-122.73039,38.49963],[-122.73039,38.50017],[-122.73108,38.50017],[-122.73108,38.50071],[-122.73177,38.50071],[-122.73177,38.50125],[-122.73246,38.50125],[-122.73246,38.50178],[-122.73315,38.50178]]],[[[-122.73866,38.50664],[-122.73866,38.50718],[-122.73797,38.50718],[-122.73797,38.50664],[-122.73728,38.50664],[-122.73728,38.5061],[-122.73728,38.50556],[-122.73797,38.50556],[-122.73797,38.5061],[-122.73866,38.5061],[-122.73866,38.50664]]]]},"properties":{"id":3711,"step":42,"cells":47,"cost":54735,"fuel_group":"grass"}},{"type":"Feature","geometry":{"type":"MultiPolygon","coordinates":[[[[-122.64427,38.61331],[-122.64427,38.61385],[-122.64496,38.61385],[-122.64496,38.61439],[-122.64565,38.61439],[-122.64565,38.61493],[-122.64633,38.61493],[-122.64633,38.61547],[-122.64702,38.61547],[-122.64702,38.616],[-122.64771,38.616],[-122.64771,38.61654],[-122.64771,38.61708],[-122.64702,38.61708],[-122.64702,38.61654],[-122.64633,38.61654],[-122.64633,38.616],[-122.64565,38.616],[-122.64565,38.61547],[-122.64496,38.61547],[-122.64496,38.61493],[-122.64427,38.61493],[-122.64427,38.61439],[-122.64358,38.61439],[-122.64358,38.61385],[-122.64289,38.61385],[-122.64289,38.61331],[-122.6422,38.61331],[-122.6422,38.61277],[-122.64151,38.61277],[-122.64151,38.61224],[-122.64082,38.61224],[-122.64082,38.6117],[-122.64013,38.6117],[-122.64013,38.61116],[-122.63944,38.61116],[-122.63944,38.61062],[-122.63876,38.61062],[-122.63876,38.61008],[-122.63807,38.61008],[-122.63807,38.60954],[-122.63738,38.60954],[-122.63738,38.60901],[-122.63669,38.60901],[-122.63669,38.60847],[-122.636,38.60847],[-122.636,38.60793],[-122.63531,38.60793],[-122.63531,38.60739],[-122.63462,38.60739],[-122.63462,38.60685],[-122.63393,38.60685],[-122.63393,38.60631],[-122.63324,38.60631],[-122.63324,38.60578],[-122.63393,38.60578],[-122.63462,38.60578],[-122.63462,38.60631],[-122.63531,38.60631],[-122.63531,38.60685],[-122.636,38.60685],[-122.636,38.60739],[-122.63669,38.60739],[-122.63669,38.60793],[-122.63738,38.60793],[-122.63738,38.60847],[-122.63807,38.60847],[-122.63807,38.60901],[-122.63876,38.60901],[-122.63876,38.60954],[-122.63944,38.60954],[-122.63944,38.61008],[-122.64013,38.61008],[-122.64013,38.61062],[-122.64082,38.61062],[-122.64082,38.61116],[-122.64151,38.61116],[-122.64151,38.6117],[-122.6422,38.6117],[-122.6422,38.61224],[-122.64289,38.61224],[-122.64289,38.61277],[-122.64358,38.61277],[-122.64358,38.61331],[-122.64427,38.61331]]],[[[-122.63187,38.60416],[-122.63187,38.6047],[-122.63118,38.6047],[-122.63118,38.60416],[-122.63187,38.60416]]]]},"properties":{"id":511,"step":43,"cells":42,"cost":56960,"fuel_group":"grass"}},{"type":"Feature","geometry":{"type":"Polygon","coordinates":[[[-122.70697,38.58477],[-122.70697,38.58531],[-122.70766,38.58531],[-122.70766,38.58585],[-122.70834,38.58585],[-122.70834,38.58639],[-122.70903,38.58639],[-122.70903,38.58693],[-122.70972,38.58693],[-122.70972,38.58747],[-122.70972,38.58801],[-122.70903,38.58801],[-122.70903,38.58747],[-122.70834,38.58747],[-122.70834,38.58693],[-122.70766,38.58693],[-122.70766,38.58639],[-122.70697,38.58639],[-122.70697,38.58585],[-122.70628,38.58585],[-122.70628,38.58531],[-122.70559,38.58531],[-122.70559,38.58477],[-122.7049,38.58477],[-122.7049,38.58424],[-122.70421,38.58424],[-122.70421,38.5837],[-122.70352,38.5837],[-122.70352,38.58316],[-122.70283,38.58316],[-122.70283,38.58262],[-122.70214,38.58262],[-122.70214,38.58208],[-122.70145,38.58208],[-122.70145,38.58154],[-122.70145,38.581],[-122.70214,38.581],[-122.70214,38.58154],[-122.70283,38.58154],[-122.70283,38.58208],[-122.70352,38.58208],[-122.70352,38.58262],[-122.70421,38.58262],[-122.70421,38.58316],[-122.7049,38.58316],[-122.7049,38.5837],[-122.70559,38.5837],[-122.70559,38.58424],[-122.70628,38.58424],[-122.70628,38.58477],[-122.70697,38.58477]]]},"properties":{"id":1199,"step":44,"cells":24,"cost":42720,"fuel_group":"grass"}},{"type":"Feature","geometry":{"type":"MultiPolygon","coordinates":[[[[-122.60706,38.61816],[-122.60706,38.61762],[-122.60637,38.61762],[-122.60637,38.61708],[-122.60568,38.61708],[-122.60568,38.61654],[-122.605,38.61654],[-122.605,38.616],[-122.60431,38.616],[-122.60431,38.61547],[-122.60362,38.61547],[-122.60362,38.61493],[-122.60293,38.61493],[-122.60293,38.61439],[-122.60224,38.61439],[-122.60224,38.61385],[-122.60155,38.61385],[-122.60155,38.61331],[-122.60086,38.61331],[-122.60086,38.61277],[-122.60017,38.61277],[-122.60017,38.61224],[-122.59948,38.61224],[-122.59948,38.6117],[-122.59879,38.6117],[-122.59879,38.61116],[-122.59811,38.61116],[-122.59811,38.61062],[-122.59811,38.61008],[-122.59879,38.61008],[-122.59879,38.61062],[-122.59948,38.61062],[-122.59948,38.61116],[-122.60017,38.61116],[-122.60017,38.6117],[-122.60086,38.6117],[-122.60086,38.61224],[-122.60155,38.61224],[-122.60155,38.61277],[-122.60224,38.61277],[-122.60224,38.61331],[-122.60293,38.61331],[-122.60293,38.61385],[-122.60362,38.61385],[-122.60362,38.61439],[-122.60431,38.61439],[-122.60431,38.61493],[-122.605,38.61493],[-122.605,38.61547],[-122.60568,38.61547],[-122.60568,38.616],[-122.60637,38.616],[-122.60637,38.61654],[-122.60706,38.61654],[-122.60706,38.61708],[-122.60775,38.61708],[-122.60775,38.61762],[-122.60775,38.61816],[-122.60706,38.61816]]],[[[-122.60844,38.61816],[-122.60844,38.6187],[-122.60775,38.6187],[-122.60775,38.61816],[-122.60844,38.61816]]],[[[-122.60982,38.6187],[-122.60982,38.61923],[-122.61051,38.61923],[-122.61051,38.61977],[-122.6112,38.61977],[-122.6112,38.62031],[-122.61188,38.62031],[-122.61188,38.62085],[-122.61257,38.62085],[-122.61257,38.62139],[-122.61257,38.62193],[-122.61188,38.62193],[-122.61188,38.62139],[-122.6112,38.62139],[-122.6112,38.62085],[-122.61051,38.62085],[-122.61051,38.62031],[-122.60982,38.62031],[-122.60982,38.61977],[-122.60913,38.61977],[-122.60913,38.61923],[-122.60844,38.61923],[-122.60844,38.6187],[-122.60913,38.6187],[-122.60982,38.6187]]],[[[-122.61326,38.62246],[-122.61257,38.62246],[-122.61257,38.62193],[-122.61326,38.62193],[-122.61326,38.62246]]]]},"properties":{"id":352,"step":45,"cells":41,"cost":51175,"fuel_group":"grass"}},{"type":"Feature","geometry":{"type":"MultiPolygon","coordinates":[[[[-122.72695,38.48669],[-122.72764,38.48669],[-122.72833,38.48669],[-122.72901,38.48669],[-122.7297,38.48669],[-122.73039,38.48669],[-122.73039,38.48722],[-122.73108,38.48722],[-122.73177,38.48722],[-122.73177,38.48776],[-122.73108,38.48776],[-122.73039,38.48776],[-122.7297,38.48776],[-122.72901,38.48776],[-122.72833,38.48776],[-122.72764,38.48776],[-122.72695,38.48776],[-122.72626,38.48776],[-122.72557,38.48776],[-122.72488,38.48776],[-122.72419,38.48776],[-122.7235,38.48776],[-122.7235,38.48722],[-122.7235,38.48669],[-122.72419,38.48669],[-122.72488,38.48669],[-122.72557,38.48669],[-122.72626,38.48669],[-122.72695,38.48669]]],[[[-122.72144,38.48669],[-122.72212,38.48669],[-122.72281,38.48669],[-122.72281,38.48722],[-122.72281,38.48776],[-122.72212,38.48776],[-122.72212,38.48722],[-122.72144,38.48722],[-122.72144,38.48776],[-122.72075,38.48776],[-122.72006,38.48776],[-122.71937,38.48776],[-122.71868,38.48776],[-122.71799,38.48776],[-122.7173,38.48776],[-122.71661,38.48776],[-122.71592,38.48776],[-122.71523,38.48776],[-122.71455,38.48776],[-122.71386,38.48776],[-122.71317,38.48776],[-122.71248,38.48776],[-122.71248,38.48722],[-122.71248,38.48669],[-122.71317,38.48669],[-122.71386,38.48669],[-122.71455,38.48669],[-122.71523,38.48669],[-122.71592,38.48669],[-122.71661,38.48669],[-122.7173,38.48669],[-122.7173,38.48722],[-122.71799,38.48722],[-122.71868,38.48722],[-122.71868,38.48669],[-122.71937,38.48669],[-122.72006,38.48669],[-122.72075,38.48669],[-122.72144,38.48669]]]]},"properties":{"id":4075,"step":46,"cells":49,"cost":76985,"fuel_group":"timber_understory"}},{"type":"Feature","geometry":{"type":"MultiPolygon","coordinates":[[[[-122.77311,38.48021],[-122.7738,38.48021],[-122.77449,38.48021],[-122.77518,38.48021],[-122.77587,38.48021],[-122.77587,38.48075],[-122.77587,38.48129],[-122.77518,38.48129],[-122.77449,38.48129],[-122.7738,38.48129],[-122.77311,38.48129],[-122.77242,38.48129],[-122.77173,38.48129],[-122.77104,38.48129],[-122.77035,38.48129],[-122.77035,38.48075],[-122.77035,38.48021],[-122.77104,38.48021],[-122.77173,38.48021],[-122.77242,38.48021],[-122.77311,38.48021]]],[[[-122.7676,38.48021],[-122.76829,38.48021],[-122.76898,38.48021],[-122.76967,38.48021],[-122.76967,38.48075],[-122.76898,38.48075],[-122.76898,38.48129],[-122.76829,38.48129],[-122.7676,38.48129],[-122.76691,38.48129],[-122.76622,38.48129],[-122.76553,38.48129],[-122.76553,38.48075],[-122.76553,38.48021],[-122.76622,38.48021],[-122.76691,38.48021],[-122.7676,38.48021]]]]},"properties":{"id":4220,"step":47,"cells":27,"cost":12905,"fuel_group":"grass"}},{"type":"Feature","geometry":{"type":"MultiPolygon","coordinates":[[[[-122.77862,38.47482],[-122.77793,38.47482],[-122.77793,38.47428],[-122.77724,38.47428],[-122.77724,38.47482],[-122.77656,38.47482],[-122.77587,38.47482],[-122.77518,38.47482],[-122.77449,38.47482],[-122.7738,38.47482],[-122.77311,38.47482],[-122.77311,38.47428],[-122.77242,38.47428],[-122.77242,38.47374],[-122.77311,38.47374],[-122.7738,38.47374],[-122.77449,38.47374],[-122.77449,38.47428],[-122.77518,38.47428],[-122.77518,38.47374],[-122.77587,38.47374],[-122.77656,38.47374],[-122.77724,38.47374],[-122.77793,38.47374],[-122.77862,38.47374],[-122.77931,38.47374],[-122.78,38.47374],[-122.78,38.47428],[-122.77931,38.47428],[-122.77862,38.47428],[-122.77862,38.47482]]],[[[-122.77035,38.47374],[-122.77104,38.47374],[-122.77173,38.47374],[-122.77173,38.47428],[-122.77104,38.47428],[-122.77104,38.47482],[-122.77035,38.47482],[-122.77035,38.47428],[-122.77035,38.47374]]],[[[-122.7676,38.47374],[-122.76829,38.47374],[-122.76898,38.47374],[-122.76967,38.47374],[-122.76967,38.47428],[-122.76967,38.47482],[-122.76898,38.47482],[-122.76829,38.47482],[-122.7676,38.47482],[-122.76691,38.47482],[-122.76622,38.47482],[-122.76553,38.47482],[-122.76484,38.47482],[-122.76415,38.47482],[-122.76346,38.47482],[-122.76278,38.47482],[-122.76209,38.47482],[-122.7614,38.47482],[-122.76071,38.47482],[-122.76071,38.47428],[-122.76071,38.47374],[-122.7614,38.47374],[-122.76209,38.47374],[-122.76278,38.47374],[-122.76346,38.47374],[-122.76415,38.47374],[-122.76484,38.47374],[-122.76484,38.47428],[-122.76553,38.47428],[-122.76622,38.47428],[-122.76622,38.47374],[-122.76691,38.47374],[-122.7676,38.47374]]]]},"properties":{"id":4349,"step":48,"cells":44,"cost":25810,"fuel_group":"grass"}},{"type":"Feature","geometry":{"type":"MultiPolygon","coordinates":[[[[-122.69732,38.48722],[-122.69801,38.48722],[-122.69801,38.48776],[-122.6987,38.48776],[-122.6987,38.4883],[-122.69939,38.4883],[-122.69939,38.48884],[-122.70008,38.48884],[-122.70008,38.48938],[-122.69939,38.48938],[-122.6987,38.48938],[-122.6987,38.48884],[-122.69801,38.48884],[-122.69801,38.4883],[-122.69732,38.4883],[-122.69732,38.48776],[-122.69663,38.48776],[-122.69663,38.48722],[-122.69594,38.48722],[-122.69594,38.48669],[-122.69525,38.48669],[-122.69525,38.48615],[-122.69456,38.48615],[-122.69456,38.48561],[-122.69388,38.48561],[-122.69388,38.48507],[-122.69319,38.48507],[-122.69319,38.48453],[-122.69319,38.48399],[-122.69388,38.48399],[-122.69388,38.48453],[-122.69456,38.48453],[-122.69456,38.48507],[-122.69525,38.48507],[-122.69525,38.48561],[-122.69594,38.48561],[-122.69594,38.48615],[-122.69663,38.48615],[-122.69663,38.48669],[-122.69732,38.48669],[-122.69732,38.48722]]],[[[-122.70077,38.48992],[-122.70077,38.49046],[-122.70008,38.49046],[-122.70008,38.48992],[-122.70077,38.48992]]]]},"properties":{"id":4090,"step":49,"cells":20,"cost":36490,"fuel_group":"timber_litter"}},{"type":"Feature","geometry":{"type":"Polygon","coordinates":[[[-122.62635,38.49154],[-122.62566,38.49154],[-122.62566,38.49208],[-122.62498,38.49208],[-122.62498,38.49262],[-122.62429,38.49262],[-122.62429,38.49316],[-122.6236,38.49316],[-122.6236,38.4937],[-122.62291,38.4937],[-122.62291,38.49424],[-122.62222,38.49424],[-122.62222,38.49477],[-122.62153,38.49477],[-122.62153,38.49531],[-122.62084,38.49531],[-122.62084,38.49585],[-122.62015,38.49585],[-122.62015,38.49639],[-122.61946,38.49639],[-122.61946,38.49693],[-122.61877,38.49693],[-122.61877,38.49747],[-122.61809,38.49747],[-122.61809,38.49693],[-122.61809,38.49639],[-122.61877,38.49639],[-122.61877,38.49585],[-122.61946,38.49585],[-122.61946,38.49531],[-122.62015,38.49531],[-122.62015,38.49477],[-122.62084,38.49477],[-122.62084,38.49424],[-122.62153,38.49424],[-122.62153,38.4937],[-122.62222,38.4937],[-122.62222,38.49316],[-122.62291,38.49316],[-122.62291,38.49262],[-122.6236,38.49262],[-122.6236,38.49208],[-122.62429,38.49208],[-122.62429,38.49154],[-122.62498,38.49154],[-122.62498,38.491],[-122.62566,38.491],[-122.62566,38.49046],[-122.62635,38.49046],[-122.62635,38.491],[-122.62635,38.49154]]]},"properties":{"id":3987,"step":50,"cells":24,"cost":28480,"fuel_group":"grass"}},{"type":"Feature","geometry":{"type":"MultiPolygon","coordinates":[[[[-122.74279,38.48345],[-122.74348,38.48345],[-122.74348,38.48399],[-122.74279,38.48399],[-122.74279,38.48345]]],[[[-122.74073,38.48507],[-122.74073,38.48453],[-122.74142,38.48453],[-122.74142,38.48399],[-122.74211,38.48399],[-122.74279,38.48399],[-122.74279,38.48453],[-122.74211,38.48453],[-122.74211,38.48507],[-122.74142,38.48507],[-122.74073,38.48507]]],[[[-122.74004,38.48561],[-122.74073,38.48561],[-122.74073,38.48615],[-122.74004,38.48615],[-122.74004,38.48669],[-122.73935,38.48669],[-122.73935,38.48722],[-122.73866,38.48722],[-122.73866,38.48776],[-122.73797,38.48776],[-122.73797,38.4883],[-122.73728,38.4883],[-122.73659,38.4883],[-122.73659,38.48776],[-122.73728,38.48776],[-122.73728,38.48722],[-122.73797,38.48722],[-122.73797,38.48669],[-122.73866,38.48669],[-122.73866,38.48615],[-122.73935,38.48615],[-122.73935,38.48561],[-122.74004,38.48561]]],[[[-122.73659,38.48884],[-122.7359,38.48884],[-122.7359,38.4883],[-122.73659,38.4883],[-122.73659,38.48884]]],[[[-122.73453,38.48992],[-122.73453,38.48938],[-122.73522,38.48938],[-122.73522,38.48884],[-122.7359,38.48884],[-122.7359,38.48938],[-122.7359,38.48992],[-122.73522,38.48992],[-122.73522,38.49046],[-122.73453,38.49046],[-122.73453,38.48992]]],[[[-122.73315,38.49154],[-122.73315,38.49208],[-122.73246,38.49208],[-122.73246,38.49262],[-122.73177,38.49262],[-122.73177,38.49316],[-122.73108,38.49316],[-122.73108,38.4937],[-122.73039,38.4937],[-122.73039,38.49424],[-122.7297,38.49424],[-122.7297,38.4937],[-122.7297,38.49316],[-122.73039,38.49316],[-122.73039,38.49262],[-122.73108,38.49262],[-122.73108,38.49208],[-122.73177,38.49208],[-122.73177,38.49154],[-122.73246,38.49154],[-122.73246,38.491],[-122.73315,38.491],[-122.73315,38.49046],[-122.73384,38.49046],[-122.73453,38.49046],[-122.73453,38.491],[-122.73384,38.491],[-122.73384,38.49154],[-122.73315,38.49154]]]]},"properties":{"id":4067,"step":51,"cells":33,"cost":36045,"fuel_group":"grass_shrub"}},{"type":"Feature","geometry":{"type":"MultiPolygon","coordinates":[[[[-122.58501,38.58854],[-122.58433,38.58854],[-122.58433,38.58801],[-122.58433,38.58747],[-122.58501,38.58747],[-122.58501,38.58801],[-122.58501,38.58854]]],[[[-122.58364,38.58908],[-122.58364,38.58854],[-122.58433,38.58854],[-122.58433,38.58908],[-122.58364,38.58908]]],[[[-122.58364,38.58962],[-122.58295,38.58962],[-122.58295,38.59016],[-122.58226,38.59016],[-122.58226,38.58962],[-122.58226,38.58908],[-122.58295,38.58908],[-122.58364,38.58908],[-122.58364,38.58962]]],[[[-122.58088,38.59016],[-122.58157,38.59016],[-122.58226,38.59016],[-122.58226,38.5907],[-122.58157,38.5907],[-122.58157,38.59124],[-122.58088,38.59124],[-122.58088,38.5907],[-122.58088,38.59016]]],[[[-122.58088,38.59124],[-122.58088,38.59177],[-122.58019,38.59177],[-122.58019,38.59124],[-122.58088,38.59124]]],[[[-122.5795,38.59285],[-122.57881,38.59285],[-122.57881,38.59339],[-122.57812,38.59339],[-122.57812,38.59393],[-122.57744,38.59393],[-122.57675,38.59393],[-122.57675,38.59339],[-122.57744,38.59339],[-122.57744,38.59285],[-122.57812,38.59285],[-122.57812,38.59231],[-122.57881,38.59231],[-122.57881,38.59177],[-122.5795,38.59177],[-122.5795,38.59231],[-122.5795,38.59285]]]]},"properties":{"id":1118,"step":52,"cells":17,"cost":14685,"fuel_group":"grass"}},{"type":"Feature","geometry":{"type":"Polygon","coordinates":[[[-122.71523,38.57831],[-122.71523,38.57885],[-122.71592,38.57885],[-122.71592,38.57939],[-122.71661,38.57939],[-122.71661,38.57993],[-122.7173,38.57993],[-122.7173,38.58046],[-122.71799,38.58046],[-122.71799,38.581],[-122.71799,38.58154],[-122.7173,38.58154],[-122.7173,38.581],[-122.71661,38.581],[-122.71661,38.58046],[-122.71592,38.58046],[-122.71592,38.57993],[-122.71523,38.57993],[-122.71523,38.57939],[-122.71455,38.57939],[-122.71455,38.57885],[-122.71386,38.57885],[-122.71386,38.57831],[-122.71317,38.57831],[-122.71317,38.57777],[-122.71248,38.57777],[-122.71248,38.57723],[-122.71179,38.57723],[-122.71179,38.57669],[-122.7111,38.57669],[-122.7111,38.57616],[-122.71041,38.57616],[-122.71041,38.57562],[-122.70972,38.57562],[-122.70972,38.57508],[-122.70972,38.57454],[-122.71041,38.57454],[-122.71041,38.57508],[-122.7111,38.57508],[-122.7111,38.57562],[-122.71179,38.57562],[-122.71179,38.57616],[-122.71248,38.57616],[-122.71248,38.57669],[-122.71317,38.57669],[-122.71317,38.57723],[-122.71386,38.57723],[-122.71386,38.57777],[-122.71455,38.57777],[-122.71455,38.57831],[-122.71523,38.57831]]]},"properties":{"id":1363,"step":53,"cells":24,"cost":33820,"fuel_group":"grass"}},{"type":"Feature","geometry":{"type":"MultiPolygon","coordinates":[[[[-122.74693,38.54599],[-122.74624,38.54599],[-122.74555,38.54599],[-122.74486,38.54599],[-122.74417,38.54599],[-122.74417,38.54545],[-122.74486,38.54545],[-122.74486,38.54491],[-122.74555,38.54491],[-122.74624,38.54491],[-122.74693,38.54491],[-122.74762,38.54491],[-122.74831,38.54491],[-122.749,38.54491],[-122.74968,38.54491],[-122.74968,38.54545],[-122.74968,38.54599],[-122.749,38.54599],[-122.74831,38.54599],[-122.74762,38.54599],[-122.74693,38.54599]]],[[[-122.74417,38.54491],[-122.74417,38.54545],[-122.74348,38.54545],[-122.74348,38.54599],[-122.74279,38.54599],[-122.74211,38.54599],[-122.74142,38.54599],[-122.74073,38.54599],[-122.74004,38.54599],[-122.73935,38.54599],[-122.73866,38.54599],[-122.73797,38.54599],[-122.73728,38.54599],[-122.73659,38.54599],[-122.7359,38.54599],[-122.73522,38.54599],[-122.73453,38.54599],[-122.73384,38.54599],[-122.73315,38.54599],[-122.73246,38.54599],[-122.73177,38.54599],[-122.73108,38.54599],[-122.73108,38.54545],[-122.73039,38.54545],[-122.73039,38.54599],[-122.7297,38.54599],[-122.72901,38.54599],[-122.72833,38.54599],[-122.72764,38.54599],[-122.72695,38.54599],[-122.72695,38.54545],[-122.72695,38.54491],[-122.72764,38.54491],[-122.72833,38.54491],[-122.72901,38.54491],[-122.7297,38.54491],[-122.73039,38.54491],[-122.73108,38.54491],[-122.73177,38.54491],[-122.73246,38.54491],[-122.73315,38.54491],[-122.73384,38.54491],[-122.73453,38.54491],[-122.73522,38.54491],[-122.73522,38.54545],[-122.7359,38.54545],[-122.7359,38.54491],[-122.73659,38.54491],[-122.73728,38.54491],[-122.73797,38.54491],[-122.73866,38.54491],[-122.73935,38.54491],[-122.74004,38.54491],[-122.74073,38.54491],[-122.74142,38.54491],[-122.74211,38.54491],[-122.74279,38.54491],[-122.74348,38.54491],[-122.74417,38.54491]]]]},"properties":{"id":2319,"step":54,"cells":62,"cost":53400,"fuel_group":"grass"}},{"type":"Feature","geometry":{"type":"MultiPolygon","coordinates":[[[[-122.68078,38.47752],[-122.68078,38.47806],[-122.68078,38.4786],[-122.68078,38.47913],[-122.6801,38.47913],[-122.6801,38.4786],[-122.67941,38.4786],[-122.67941,38.47806],[-122.67941,38.47752],[-122.67941,38.47698],[-122.6801,38.47698],[-122.6801,38.47644],[-122.68078,38.47644],[-122.68078,38.47698],[-122.68078,38.47752]]],[[[-122.6801,38.48075],[-122.6801,38.48129],[-122.68078,38.48129],[-122.68078,38.48183],[-122.6801,38.48183],[-122.67941,38.48183],[-122.67941,38.48129],[-122.67941,38.48075],[-122.67941,38.48021],[-122.67941,38.47967],[-122.67941,38.47913],[-122.6801,38.47913],[-122.6801,38.47967],[-122.68078,38.47967],[-122.68078,38.48021],[-122.68078,38.48075],[-122.6801,38.48075]]],[[[-122.68078,38.48345],[-122.68078,38.48399],[-122.68078,38.48453],[-122.68078,38.48507],[-122.6801,38.48507],[-122.6801,38.48561],[-122.67941,38.48561],[-122.67941,38.48507],[-122.67941,38.48453],[-122.67941,38.48399],[-122.67941,38.48345],[-122.6801,38.48345],[-122.68078,38.48345]]]]},"properties":{"id":4245,"step":55,"cells":23,"cost":33375,"fuel_group":"grass_shrub"}},{"type":"Feature","geometry":{"type":"Polygon","coordinates":[[[-122.56917,38.61331],[-122.56986,38.61331],[-122.56986,38.61385],[-122.57055,38.61385],[-122.57055,38.61439],[-122.57123,38.61439],[-122.57123,38.61493],[-122.57192,38.61493],[-122.57192,38.61547],[-122.57261,38.61547],[-122.57261,38.616],[-122.5733,38.616],[-122.5733,38.61654],[-122.5733,38.61708],[-122.57261,38.61708],[-122.57261,38.61654],[-122.57192,38.61654],[-122.57192,38.616],[-122.57123,38.616],[-122.57123,38.61547],[-122.57055,38.61547],[-122.57055,38.61493],[-122.56986,38.61493],[-122.56986,38.61439],[-122.56917,38.61439],[-122.56917,38.61385],[-122.56848,38.61385],[-122.56848,38.61331],[-122.56779,38.61331],[-122.56779,38.61277],[-122.5671,38.61277],[-122.5671,38.61224],[-122.56641,38.61224],[-122.56641,38.6117],[-122.56572,38.6117],[-122.56572,38.61116],[-122.56503,38.61116],[-122.56503,38.61062],[-122.56434,38.61062],[-122.56434,38.61008],[-122.56366,38.61008],[-122.56366,38.60954],[-122.56297,38.60954],[-122.56297,38.60901],[-122.56228,38.60901],[-122.56228,38.60847],[-122.56159,38.60847],[-122.56159,38.60793],[-122.5609,38.60793],[-122.5609,38.60739],[-122.56021,38.60739],[-122.56021,38.60685],[-122.55952,38.60685],[-122.55952,38.60631],[-122.55883,38.60631],[-122.55883,38.60578],[-122.55814,38.60578],[-122.55814,38.60524],[-122.55745,38.60524],[-122.55745,38.6047],[-122.55677,38.6047],[-122.55677,38.60416],[-122.55677,38.60362],[-122.55745,38.60362],[-122.55745,38.60416],[-122.55814,38.60416],[-122.55814,38.6047],[-122.55883,38.6047],[-122.55883,38.60524],[-122.55952,38.60524],[-122.55952,38.60578],[-122.56021,38.60578],[-122.56021,38.60631],[-122.5609,38.60631],[-122.5609,38.60685],[-122.56159,38.60685],[-122.56159,38.60739],[-122.56228,38.60739],[-122.56228,38.60793],[-122.56297,38.60793],[-122.56297,38.60847],[-122.56366,38.60847],[-122.56366,38.60901],[-122.56434,38.60901],[-122.56434,38.60954],[-122.56503,38.60954],[-122.56503,38.61008],[-122.56572,38.61008],[-122.56572,38.61062],[-122.56641,38.61062],[-122.56641,38.61116],[-122.5671,38.61116],[-122.5671,38.6117],[-122.56779,38.6117],[-122.56779,38.61224],[-122.56848,38.61224],[-122.56848,38.61277],[-122.56917,38.61277],[-122.56917,38.61331]]]},"properties":{"id":577,"step":56,"cells":48,"cost":95230,"fuel_group":"timber_understory"}},{"type":"Feature","geometry":{"type":"MultiPolygon","coordinates":[[[[-122.59811,38.60039],[-122.59811,38.60093],[-122.59742,38.60093],[-122.59742,38.60147],[-122.59673,38.60147],[-122.59673,38.60093],[-122.59673,38.60039],[-122.59673,38.59985],[-122.59673,38.59931],[-122.59742,38.59931],[-122.59811,38.59931],[-122.59811,38.59985],[-122.59811,38.60039]]],[[[-122.59811,38.60308],[-122.59811,38.60362],[-122.59811,38.60416],[-122.59811,38.6047],[-122.59811,38.60524],[-122.59811,38.60578],[-122.59811,38.60631],[-122.59742,38.60631],[-122.59673,38.60631],[-122.59673,38.60578],[-122.59673,38.60524],[-122.59673,38.6047],[-122.59673,38.60416],[-122.59673,38.60362],[-122.59673,38.60308],[-122.59742,38.60308],[-122.59742,38.60254],[-122.59673,38.60254],[-122.59673,38.60201],[-122.59742,38.60201],[-122.59811,38.60201],[-122.59811,38.60254],[-122.59811,38.60308]]],[[[-122.59811,38.60793],[-122.59811,38.60847],[-122.59742,38.60847],[-122.59673,38.60847],[-122.59673,38.60793],[-122.59742,38.60793],[-122.59811,38.60793]]]]},"properties":{"id":732,"step":57,"cells":24,"cost":32040,"fuel_group":"grass"}},{"type":"Feature","geometry":{"type":"Polygon","coordinates":[[[-122.70145,38.57454],[-122.70214,38.57454],[-122.70214,38.57508],[-122.70283,38.57508],[-122.70283,38.57562],[-122.70352,38.57562],[-122.70352,38.57616],[-122.70421,38.57616],[-122.70421,38.57669],[-122.7049,38.57669],[-122.7049,38.57723],[-122.70559,38.57723],[-122.70559,38.57777],[-122.70559,38.57831],[-122.7049,38.57831],[-122.7049,38.57777],[-122.70421,38.57777],[-122.70421,38.57723],[-122.70352,38.57723],[-122.70352,38.57669],[-122.70283,38.57669],[-122.70283,38.57616],[-122.70214,38.57616],[-122.70214,38.57562],[-122.70145,38.57562],[-122.70145,38.57508],[-122.70077,38.57508],[-122.70077,38.57454],[-122.70008,38.57454],[-122.70008,38.574],[-122.69939,38.574],[-122.69939,38.57346],[-122.6987,38.57346],[-122.6987,38.57292],[-122.69801,38.57292],[-122.69801,38.57239],[-122.69732,38.57239],[-122.69732,38.57185],[-122.69663,38.57185],[-122.69663,38.57131],[-122.69594,38.57131],[-122.69594,38.57077],[-122.69525,38.57077],[-122.69525,38.57023],[-122.69456,38.57023],[-122.69456,38.56969],[-122.69388,38.56969],[-122.69388,38.56915],[-122.69319,38.56915],[-122.69319,38.56861],[-122.6925,38.56861],[-122.6925,38.56808],[-122.69181,38.56808],[-122.69181,38.56754],[-122.69112,38.56754],[-122.69112,38.567],[-122.69043,38.567],[-122.69043,38.56646],[-122.68974,38.56646],[-122.68974,38.56592],[-122.68905,38.56592],[-122.68905,38.56538],[-122.68905,38.56484],[-122.68974,38.56484],[-122.68974,38.56538],[-122.69043,38.56538],[-122.69043,38.56592],[-122.69112,38.56592],[-122.69112,38.56646],[-122.69181,38.56646],[-122.69181,38.567],[-122.6925,38.567],[-122.6925,38.56754],[-122.69319,38.56754],[-122.69319,38.56808],[-122.69388,38.56808],[-122.69388,38.56861],[-122.69456,38.56861],[-122.69456,38.56915],[-122.69525,38.56915],[-122.69525,38.56969],[-122.69594,38.56969],[-122.69594,38.57023],[-122.69663,38.57023],[-122.69663,38.57077],[-122.69732,38.57077],[-122.69732,38.57131],[-122.69801,38.57131],[-122.69801,38.57185],[-122.6987,38.57185],[-122.6987,38.57239],[-122.69939,38.57239],[-122.69939,38.57292],[-122.70008,38.57292],[-122.70008,38.57346],[-122.70077,38.57346],[-122.70077,38.574],[-122.70145,38.574],[-122.70145,38.57454]]]},"properties":{"id":1554,"step":58,"cells":48,"cost":35600,"fuel_group":"grass"}},{"type":"Feature","geometry":{"type":"Polygon","coordinates":[[[-122.55677,38.45486],[-122.55677,38.4554],[-122.55677,38.45594],[-122.55677,38.45648],[-122.55677,38.45702],[-122.55677,38.45756],[-122.55677,38.4581],[-122.55677,38.45864],[-122.55677,38.45918],[-122.55677,38.45971],[-122.55677,38.46025],[-122.55677,38.46079],[-122.55677,38.46133],[-122.55677,38.46187],[-122.55677,38.46241],[-122.55677,38.46295],[-122.55677,38.46349],[-122.55677,38.46403],[-122.55677,38.46457],[-122.55677,38.46511],[-122.55677,38.46565],[-122.55677,38.46619],[-122.55677,38.46673],[-122.55677,38.46727],[-122.55677,38.46781],[-122.55677,38.46835],[-122.55677,38.46889],[-122.55677,38.46943],[-122.55677,38.46996],[-122.55677,38.4705],[-122.55608,38.4705],[-122.55539,38.4705],[-122.55539,38.46996],[-122.55539,38.46943],[-122.55539,38.46889],[-122.55539,38.46835],[-122.55539,38.46781],[-122.55539,38.46727],[-122.55539,38.46673],[-122.55539,38.46619],[-122.55539,38.46565],[-122.55539,38.46511],[-122.55539,38.46457],[-122.55539,38.46403],[-122.55539,38.46349],[-122.55539,38.46295],[-122.55539,38.46241],[-122.55539,38.46187],[-122.55539,38.46133],[-122.55539,38.46079],[-122.55539,38.46025],[-122.55539,38.45971],[-122.55539,38.45918],[-122.55539,38.45864],[-122.55539,38.4581],[-122.55539,38.45756],[-122.55539,38.45702],[-122.55539,38.45648],[-122.55539,38.45594],[-122.55539,38.4554],[-122.55539,38.45486],[-122.55539,38.45432],[-122.55539,38.45378],[-122.55539,38.45324],[-122.55539,38.4527],[-122.55608,38.4527],[-122.55677,38.4527],[-122.55677,38.45324],[-122.55677,38.45378],[-122.55677,38.45432],[-122.55677,38.45486]]]},"properties":{"id":4638,"step":59,"cells":66,"cost":120150,"fuel_group":"timber_understory"}},{"type":"Feature","geometry":{"type":"Polygon","coordinates":[[[-122.57675,38.46565],[-122.57606,38.46565],[-122.57606,38.46619],[-122.57537,38.46619],[-122.57537,38.46673],[-122.57468,38.46673],[-122.57468,38.46727],[-122.57399,38.46727],[-122.57399,38.46781],[-122.5733,38.46781],[-122.5733,38.46835],[-122.57261,38.46835],[-122.57261,38.46889],[-122.57192,38.46889],[-122.57192,38.46943],[-122.57123,38.46943],[-122.57123,38.46996],[-122.57055,38.46996],[-122.57055,38.4705],[-122.56986,38.4705],[-122.56986,38.47104],[-122.56917,38.47104],[-122.56917,38.47158],[-122.56848,38.47158],[-122.56848,38.47104],[-122.56848,38.4705],[-122.56917,38.4705],[-122.56917,38.46996],[-122.56986,38.46996],[-122.56986,38.46943],[-122.57055,38.46943],[-122.57055,38.46889],[-122.57123,38.46889],[-122.57123,38.46835],[-122.57192,38.46835],[-122.57192,38.46781],[-122.57261,38.46781],[-122.57261,38.46727],[-122.5733,38.46727],[-122.5733,38.46673],[-122.57399,38.46673],[-122.57399,38.46619],[-122.57468,38.46619],[-122.57468,38.46565],[-122.57537,38.46565],[-122.57537,38.46511],[-122.57606,38.46511],[-122.57606,38.46457],[-122.57675,38.46457],[-122.57675,38.46511],[-122.57675,38.46565]]]},"properties":{"id":4532,"step":60,"cells":24,"cost":48950,"fuel_group":"timber_understory"}},{"type":"Feature","geometry":{"type":"MultiPolygon","coordinates":[[[[-122.65667,38.50071],[-122.65736,38.50071],[-122.65736,38.50125],[-122.65805,38.50125],[-122.65805,38.50178],[-122.65874,38.50178],[-122.65874,38.50232],[-122.65943,38.50232],[-122.65943,38.50286],[-122.66011,38.50286],[-122.66011,38.5034],[-122.66011,38.50394],[-122.65943,38.50394],[-122.65943,38.5034],[-122.65874,38.5034],[-122.65874,38.50286],[-122.65805,38.50286],[-122.65805,38.50232],[-122.65736,38.50232],[-122.65736,38.50178],[-122.65667,38.50178],[-122.65667,38.50125],[-122.65598,38.50125],[-122.65598,38.50071],[-122.65529,38.50071],[-122.65529,38.50017],[-122.6546,38.50017],[-122.6546,38.49963],[-122.65391,38.49963],[-122.65391,38.49909],[-122.65322,38.49909],[-122.65322,38.49855],[-122.65322,38.49801],[-122.65391,38.49801],[-122.65391,38.49855],[-122.6546,38.49855],[-122.6546,38.49909],[-122.65529,38.49909],[-122.65529,38.49963],[-122.65598,38.49963],[-122.65598,38.50017],[-122.65667,38.50017],[-122.65667,38.50071]]],[[[-122.65322,38.49747],[-122.65322,38.49801],[-122.65254,38.49801],[-122.65185,38.49801],[-122.65185,38.49747],[-122.65185,38.49693],[-122.65254,38.49693],[-122.65254,38.49747],[-122.65322,38.49747]]]]},"properties":{"id":3781,"step":61,"cells":23,"cost":20025,"fuel_group":"grass"}},{"type":"Feature","geometry":{"type":"MultiPolygon","coordinates":[[[[-122.61326,38.61116],[-122.61326,38.6117],[-122.61257,38.6117],[-122.61257,38.61116],[-122.61257,38.61062],[-122.61326,38.61062],[-122.61326,38.61008],[-122.61395,38.61008],[-122.61395,38.61062],[-122.61395,38.61116],[-122.61326,38.61116]]],[[[-122.61257,38.6117],[-122.61257,38.61224],[-122.61188,38.61224],[-122.61188,38.6117],[-122.61257,38.6117]]],[[[-122.60982,38.61331],[-122.60982,38.61385],[-122.60913,38.61385],[-122.60913,38.61331],[-122.60982,38.61331]]],[[[-122.60844,38.61493],[-122.60844,38.61547],[-122.60775,38.61547],[-122.60775,38.616],[-122.60706,38.616],[-122.60706,38.61654],[-122.60637,38.61654],[-122.60637,38.61708],[-122.60568,38.61708],[-122.60568,38.61762],[-122.605,38.61762],[-122.605,38.61816],[-122.60431,38.61816],[-122.60431,38.6187],[-122.60362,38.6187],[-122.60362,38.61923],[-122.60293,38.61923],[-122.60293,38.61977],[-122.60224,38.61977],[-122.60224,38.62031],[-122.60155,38.62031],[-122.60155,38.62085],[-122.60086,38.62085],[-122.60086,38.62139],[-122.60017,38.62139],[-122.60017,38.62193],[-122.59948,38.62193],[-122.59948,38.62246],[-122.59879,38.62246],[-122.59811,38.62246],[-122.59811,38.62193],[-122.59879,38.62193],[-122.59879,38.62139],[-122.59948,38.62139],[-122.59948,38.62085],[-122.60017,38.62085],[-122.60017,38.62031],[-122.60086,38.62031],[-122.60086,38.61977],[-122.60155,38.61977],[-122.60155,38.61923],[-122.60224,38.61923],[-122.60224,38.6187],[-122.60293,38.6187],[-122.60293,38.61816],[-122.60362,38.61816],[-122.60362,38.61762],[-122.60431,38.61762],[-122.60431,38.61708],[-122.605,38.61708],[-122.605,38.61654],[-122.60568,38.61654],[-122.60568,38.616],[-122.60637,38.616],[-122.60637,38.61547],[-122.60706,38.61547],[-122.60706,38.61493],[-122.60775,38.61493],[-122.60775,38.61439],[-122.60844,38.61439],[-122.60844,38.61385],[-122.60913,38.61385],[-122.60913,38.61439],[-122.60913,38.61493],[-122.60844,38.61493]]],[[[-122.59742,38.623],[-122.59742,38.62246],[-122.59811,38.62246],[-122.59811,38.623],[-122.59811,38.62354],[-122.59742,38.62354],[-122.59742,38.623]]]]},"properties":{"id":354,"step":62,"cells":39,"cost":52065,"fuel_group":"grass"}},{"type":"Feature","geometry":{"type":"Polygon","coordinates":[[[-122.63531,38.62623],[-122.636,38.62623],[-122.636,38.62677],[-122.63669,38.62677],[-122.63669,38.62731],[-122.63738,38.62731],[-122.63738,38.62785],[-122.63807,38.62785],[-122.63807,38.62839],[-122.63876,38.62839],[-122.63876,38.62892],[-122.63944,38.62892],[-122.63944,38.62946],[-122.63944,38.63],[-122.63876,38.63],[-122.63876,38.62946],[-122.63807,38.62946],[-122.63807,38.62892],[-122.63738,38.62892],[-122.63738,38.62839],[-122.63669,38.62839],[-122.63669,38.62785],[-122.636,38.62785],[-122.636,38.62731],[-122.63531,38.62731],[-122.63531,38.62677],[-122.63462,38.62677],[-122.63462,38.62623],[-122.63393,38.62623],[-122.63393,38.62569],[-122.63324,38.62569],[-122.63324,38.62516],[-122.63255,38.62516],[-122.63255,38.62462],[-122.63187,38.62462],[-122.63187,38.62408],[-122.63118,38.62408],[-122.63118,38.62354],[-122.63049,38.62354],[-122.63049,38.623],[-122.6298,38.623],[-122.6298,38.62246],[-122.62911,38.62246],[-122.62911,38.62193],[-122.62842,38.62193],[-122.62842,38.62139],[-122.62773,38.62139],[-122.62773,38.62085],[-122.62704,38.62085],[-122.62704,38.62031],[-122.62635,38.62031],[-122.62635,38.61977],[-122.62566,38.61977],[-122.62566,38.61923],[-122.62498,38.61923],[-122.62498,38.6187],[-122.62429,38.6187],[-122.62429,38.61816],[-122.6236,38.61816],[-122.6236,38.61762],[-122.62291,38.61762],[-122.62291,38.61708],[-122.62291,38.61654],[-122.6236,38.61654],[-122.6236,38.61708],[-122.62429,38.61708],[-122.62429,38.61762],[-122.62498,38.61762],[-122.62498,38.61816],[-122.62566,38.61816],[-122.62566,38.6187],[-122.62635,38.6187],[-122.62635,38.61923],[-122.62704,38.61923],[-122.62704,38.61977],[-122.62773,38.61977],[-122.62773,38.62031],[-122.62842,38.62031],[-122.62842,38.62085],[-122.62911,38.62085],[-122.62911,38.62139],[-122.6298,38.62139],[-122.6298,38.62193],[-122.63049,38.62193],[-122.63049,38.62246],[-122.63118,38.62246],[-122.63118,38.623],[-122.63187,38.623],[-122.63187,38.62354],[-122.63255,38.62354],[-122.63255,38.62408],[-122.63324,38.62408],[-122.63324,38.62462],[-122.63393,38.62462],[-122.63393,38.62516],[-122.63462,38.62516],[-122.63462,38.62569],[-122.63531,38.62569],[-122.63531,38.62623]]]},"properties":{"id":141,"step":63,"cells":48,"cost":54290,"fuel_group":"grass"}},{"type":"Feature","geometry":{"type":"MultiPolygon","coordinates":[[[[-122.65805,38.44623],[-122.65805,38.44569],[-122.65874,38.44569],[-122.65874,38.44623],[-122.65805,38.44623]]],[[[-122.65805,38.44677],[-122.65805,38.4473],[-122.65736,38.4473],[-122.65736,38.44784],[-122.65667,38.44784],[-122.65667,38.44838],[-122.65598,38.44838],[-122.65598,38.44892],[-122.65529,38.44892],[-122.65529,38.44946],[-122.6546,38.44946],[-122.6546,38.45],[-122.65391,38.45],[-122.65391,38.45054],[-122.65322,38.45054],[-122.65322,38.45],[-122.65322,38.44946],[-122.65391,38.44946],[-122.65391,38.44892],[-122.6546,38.44892],[-122.6546,38.44838],[-122.65529,38.44838],[-122.65529,38.44784],[-122.65598,38.44784],[-122.65598,38.4473],[-122.65667,38.4473],[-122.65667,38.44677],[-122.65736,38.44677],[-122.65736,38.44623],[-122.65805,38.44623],[-122.65805,38.44677]]],[[[-122.65185,38.45108],[-122.65254,38.45108],[-122.65254,38.45162],[-122.65185,38.45162],[-122.65185,38.45108]]],[[[-122.65185,38.45216],[-122.65116,38.45216],[-122.65116,38.45162],[-122.65185,38.45162],[-122.65185,38.45216]]]]},"properties":{"id":4753,"step":64,"cells":17,"cost":33375,"fuel_group":"grass_shrub"}},{"type":"Feature","geometry":{"type":"MultiPolygon","coordinates":[[[[-122.69388,38.50987],[-122.69388,38.51041],[-122.69456,38.51041],[-122.69456,38.51095],[-122.69525,38.51095],[-122.69525,38.51149],[-122.69594,38.51149],[-122.69594,38.51203],[-122.69663,38.51203],[-122.69663,38.51257],[-122.69732,38.51257],[-122.69732,38.51311],[-122.69732,38.51365],[-122.69663,38.51365],[-122.69663,38.51311],[-122.69594,38.51311],[-122.69594,38.51257],[-122.69525,38.51257],[-122.69525,38.51203],[-122.69456,38.51203],[-122.69456,38.51149],[-122.69388,38.51149],[-122.69388,38.51095],[-122.69319,38.51095],[-122.69319,38.51041],[-122.6925,38.51041],[-122.6925,38.50987],[-122.69181,38.50987],[-122.69181,38.50933],[-122.69112,38.50933],[-122.69112,38.50879],[-122.69043,38.50879],[-122.69043,38.50825],[-122.68974,38.50825],[-122.68974,38.50772],[-122.68905,38.50772],[-122.68905,38.50718],[-122.68836,38.50718],[-122.68836,38.50664],[-122.68767,38.50664],[-122.68767,38.5061],[-122.68699,38.5061],[-122.68699,38.50556],[-122.6863,38.50556],[-122.6863,38.50502],[-122.6863,38.50448],[-122.68699,38.50448],[-122.68699,38.50502],[-122.68767,38.50502],[-122.68767,38.50556],[-122.68836,38.50556],[-122.68836,38.5061],[-122.68905,38.5061],[-122.68905,38.50664],[-122.68974,38.50664],[-122.68974,38.50718],[-122.69043,38.50718],[-122.69043,38.50772],[-122.69112,38.50772],[-122.69112,38.50825],[-122.69181,38.50825],[-122.69181,38.50879],[-122.6925,38.50879],[-122.6925,38.50933],[-122.69319,38.50933],[-122.69319,38.50987],[-122.69388,38.50987]]],[[[-122.68216,38.50125],[-122.68216,38.50178],[-122.68147,38.50178],[-122.68147,38.50125],[-122.68078,38.50125],[-122.68078,38.50071],[-122.68078,38.50017],[-122.68147,38.50017],[-122.68147,38.50071],[-122.68216,38.50071],[-122.68216,38.50125]]],[[[-122.68354,38.50286],[-122.68285,38.50286],[-122.68285,38.50232],[-122.68216,38.50232],[-122.68216,38.50178],[-122.68285,38.50178],[-122.68354,38.50178],[-122.68354,38.50232],[-122.68423,38.50232],[-122.68423,38.50286],[-122.68354,38.50286]]],[[[-122.68423,38.5034],[-122.68492,38.5034],[-122.68561,38.5034],[-122.68561,38.50394],[-122.68492,38.50394],[-122.68423,38.50394],[-122.68423,38.5034]]]]},"properties":{"id":3564,"step":65,"cells":42,"cost":56960,"fuel_group":"grass"}},{"type":"Feature","geometry":{"type":"Polygon","coordinates":[[[-122.55745,38.62246],[-122.55814,38.62246],[-122.55883,38.62246],[-122.55952,38.62246],[-122.56021,38.62246],[-122.5609,38.62246],[-122.56159,38.62246],[-122.56228,38.62246],[-122.56228,38.623],[-122.56228,38.62354],[-122.56159,38.62354],[-122.5609,38.62354],[-122.56021,38.62354],[-122.55952,38.62354],[-122.55883,38.62354],[-122.55814,38.62354],[-122.55745,38.62354],[-122.55677,38.62354],[-122.55608,38.62354],[-122.55539,38.62354],[-122.5547,38.62354],[-122.55401,38.62354],[-122.55332,38.62354],[-122.55263,38.62354],[-122.55194,38.62354],[-122.55125,38.62354],[-122.55056,38.62354],[-122.55056,38.623],[-122.55056,38.62246],[-122.55125,38.62246],[-122.55194,38.62246],[-122.55263,38.62246],[-122.55332,38.62246],[-122.55401,38.62246],[-122.5547,38.62246],[-122.55539,38.62246],[-122.55608,38.62246],[-122.55677,38.62246],[-122.55745,38.62246]]]},"properties":{"id":208,"step":66,"cells":34,"cost":50730,"fuel_group":"shrub"}},{"type":"Feature","geometry":{"type":"Polygon","coordinates":[[[-122.55745,38.616],[-122.55814,38.616],[-122.55883,38.616],[-122.55952,38.616],[-122.56021,38.616],[-122.5609,38.616],[-122.56159,38.616],[-122.56228,38.616],[-122.56228,38.61654],[-122.56228,38.61708],[-122.56159,38.61708],[-122.5609,38.61708],[-122.56021,38.61708],[-122.55952,38.61708],[-122.55883,38.61708],[-122.55814,38.61708],[-122.55745,38.61708],[-122.55677,38.61708],[-122.55608,38.61708],[-122.55539,38.61708],[-122.5547,38.61708],[-122.55401,38.61708],[-122.55332,38.61708],[-122.55263,38.61708],[-122.55194,38.61708],[-122.55125,38.61708],[-122.55056,38.61708],[-122.55056,38.61654],[-122.55056,38.616],[-122.55125,38.616],[-122.55194,38.616],[-122.55263,38.616],[-122.55332,38.616],[-122.55401,38.616],[-122.5547,38.616],[-122.55539,38.616],[-122.55608,38.616],[-122.55677,38.616],[-122.55745,38.616]]]},"properties":{"id":395,"step":67,"cells":34,"cost":58740,"fuel_group":"shrub"}},{"type":"Feature","geometry":{"type":"MultiPolygon","coordinates":[[[[-122.67596,38.52389],[-122.67527,38.52389],[-122.67527,38.52443],[-122.67458,38.52443],[-122.67458,38.52497],[-122.67389,38.52497],[-122.67389,38.52551],[-122.67321,38.52551],[-122.67321,38.52604],[-122.67252,38.52604],[-122.67252,38.52658],[-122.67183,38.52658],[-122.67183,38.52712],[-122.67114,38.52712],[-122.67045,38.52712],[-122.67045,38.52658],[-122.67114,38.52658],[-122.67114,38.52604],[-122.67183,38.52604],[-122.67183,38.52551],[-122.67252,38.52551],[-122.67252,38.52497],[-122.67321,38.52497],[-122.67321,38.52443],[-122.67389,38.52443],[-122.67389,38.52389],[-122.67458,38.52389],[-122.67458,38.52335],[-122.67527,38.52335],[-122.67527,38.52281],[-122.67596,38.52281],[-122.67596,38.52335],[-122.67596,38.52389]]],[[[-122.66907,38.52766],[-122.66976,38.52766],[-122.66976,38.5282],[-122.66907,38.5282],[-122.66907,38.52766]]]]},"properties":{"id":3008,"step":68,"cells":16,"cost":26700,"fuel_group":"timber_understory"}},{"type":"Feature","geometry":{"type":"MultiPolygon","coordinates":[[[[-122.64358,38.60308],[-122.64427,38.60308],[-122.64496,38.60308],[-122.64496,38.60362],[-122.64496,38.60416],[-122.64427,38.60416],[-122.64358,38.60416],[-122.64289,38.60416],[-122.64289,38.60362],[-122.64289,38.60308],[-122.64358,38.60308]]],[[[-122.63944,38.60308],[-122.64013,38.60308],[-122.64082,38.60308],[-122.64151,38.60308],[-122.6422,38.60308],[-122.6422,38.60362],[-122.6422,38.60416],[-122.64151,38.60416],[-122.64082,38.60416],[-122.64013,38.60416],[-122.63944,38.60416],[-122.63876,38.60416],[-122.63807,38.60416],[-122.63738,38.60416],[-122.63669,38.60416],[-122.636,38.60416],[-122.63531,38.60416],[-122.63462,38.60416],[-122.63393,38.60416],[-122.63324,38.60416],[-122.63324,38.60362],[-122.63324,38.60308],[-122.63393,38.60308],[-122.63462,38.60308],[-122.63531,38.60308],[-122.636,38.60308],[-122.63669,38.60308],[-122.63738,38.60308],[-122.63807,38.60308],[-122.63876,38.60308],[-122.63944,38.60308]]]]},"properties":{"id":711,"step":69,"cells":32,"cost":30260,"fuel_group":"grass"}},{"type":"Feature","geometry":{"type":"MultiPolygon","coordinates":[[[[-122.65047,38.47212],[-122.65047,38.47266],[-122.64978,38.47266],[-122.64978,38.47212],[-122.64978,38.47158],[-122.65047,38.47158],[-122.65116,38.47158],[-122.65116,38.47212],[-122.65047,38.47212]]],[[[-122.64909,38.47266],[-122.64978,38.47266],[-122.64978,38.4732],[-122.64909,38.4732],[-122.64909,38.47266]]],[[[-122.64633,38.4759],[-122.64565,38.4759],[-122.64565,38.47644],[-122.64496,38.47644],[-122.64496,38.47698],[-122.64427,38.47698],[-122.64427,38.47752],[-122.64358,38.47752],[-122.64358,38.47806],[-122.64289,38.47806],[-122.64289,38.47752],[-122.64289,38.47698],[-122.64358,38.47698],[-122.64358,38.47644],[-122.64427,38.47644],[-122.64427,38.4759],[-122.64496,38.4759],[-122.64496,38.47536],[-122.64565,38.47536],[-122.64565,38.47482],[-122.64633,38.47482],[-122.64702,38.47482],[-122.64702,38.47536],[-122.64633,38.47536],[-122.64633,38.4759]]]]},"properties":{"id":4366,"step":70,"cells":15,"cost":18245,"fuel_group":"grass"}},{"type":"Feature","geometry":{"type":"MultiPolygon","coordinates":[[[[-122.61602,38.52551],[-122.61671,38.52551],[-122.6174,38.52551],[-122.61809,38.52551],[-122.61877,38.52551],[-122.61946,38.52551],[-122.62015,38.52551],[-122.62015,38.52604],[-122.62015,38.52658],[-122.61946,38.52658],[-122.61877,38.52658],[-122.61809,38.52658],[-122.6174,38.52658],[-122.61671,38.52658],[-122.61602,38.52658],[-122.61533,38.52658],[-122.61464,38.52658],[-122.61395,38.52658],[-122.61326,38.52658],[-122.61257,38.52658],[-122.61188,38.52658],[-122.61188,38.52604],[-122.61257,38.52604],[-122.61257,38.52551],[-122.61326,38.52551],[-122.61395,38.52551],[-122.61464,38.52551],[-122.61533,38.52551],[-122.61602,38.52551]]],[[[-122.61051,38.52658],[-122.60982,38.52658],[-122.60913,38.52658],[-122.60913,38.52604],[-122.60844,38.52604],[-122.60844,38.52551],[-122.60913,38.52551],[-122.60982,38.52551],[-122.61051,38.52551],[-122.6112,38.52551],[-122.61188,38.52551],[-122.61188,38.52604],[-122.6112,38.52604],[-122.61051,38.52604],[-122.61051,38.52658]]]]},"properties":{"id":3058,"step":71,"cells":30,"cost":35600,"fuel_group":"grass"}},{"type":"Feature","geometry":{"type":"MultiPolygon","coordinates":[[[[-122.71455,38.55137],[-122.71523,38.55137],[-122.71592,38.55137],[-122.71661,38.55137],[-122.7173,38.55137],[-122.71799,38.55137],[-122.71868,38.55137],[-122.71937,38.55137],[-122.71937,38.55191],[-122.71937,38.55245],[-122.71868,38.55245],[-122.71799,38.55245],[-122.7173,38.55245],[-122.71661,38.55245],[-122.71592,38.55245],[-122.71523,38.55245],[-122.71455,38.55245],[-122.71386,38.55245],[-122.71317,38.55245],[-122.71248,38.55245],[-122.71248,38.55191],[-122.71317,38.55191],[-122.71317,38.55137],[-122.71386,38.55137],[-122.71455,38.55137]]],[[[-122.70834,38.55137],[-122.70903,38.55137],[-122.70972,38.55137],[-122.71041,38.55137],[-122.7111,38.55137],[-122.71179,38.55137],[-122.71248,38.55137],[-122.71248,38.55191],[-122.71179,38.55191],[-122.71179,38.55245],[-122.7111,38.55245],[-122.71041,38.55245],[-122.70972,38.55245],[-122.70903,38.55245],[-122.70834,38.55245],[-122.70766,38.55245],[-122.70766,38.55191],[-122.70766,38.55137],[-122.70834,38.55137]]]]},"properties":{"id":2127,"step":72,"cells":32,"cost":45390,"fuel_group":"grass"}},{"type":"Feature","geometry":{"type":"Polygon","coordinates":[[[-122.62635,38.48507],[-122.62566,38.48507],[-122.62566,38.48561],[-122.62498,38.48561],[-122.62498,38.48615],[-122.62429,38.48615],[-122.62429,38.48669],[-122.6236,38.48669],[-122.6236,38.48722],[-122.62291,38.48722],[-122.62291,38.48776],[-122.62222,38.48776],[-122.62222,38.4883],[-122.62153,38.4883],[-122.62153,38.48884],[-122.62084,38.48884],[-122.62084,38.48938],[-122.62015,38.48938],[-122.62015,38.48992],[-122.61946,38.48992],[-122.61946,38.49046],[-122.61877,38.49046],[-122.61877,38.491],[-122.61809,38.491],[-122.61809,38.49046],[-122.61809,38.48992],[-122.61877,38.48992],[-122.61877,38.48938],[-122.61946,38.48938],[-122.61946,38.48884],[-122.62015,38.48884],[-122.62015,38.4883],[-122.62084,38.4883],[-122.62084,38.48776],[-122.62153,38.48776],[-122.62153,38.48722],[-122.62222,38.48722],[-122.62222,38.48669],[-122.62291,38.48669],[-122.62291,38.48615],[-122.6236,38.48615],[-122.6236,38.48561],[-122.62429,38.48561],[-122.62429,38.48507],[-122.62498,38.48507],[-122.62498,38.48453],[-122.62566,38.48453],[-122.62566,38.48399],[-122.62635,38.48399],[-122.62635,38.48453],[-122.62635,38.48507]]]},"properties":{"id":4154,"step":73,"cells":24,"cost":39160,"fuel_group":"timber_understory"}},{"type":"Feature","geometry":{"type":"MultiPolygon","coordinates":[[[[-122.72901,38.4883],[-122.72901,38.48884],[-122.72833,38.48884],[-122.72833,38.48938],[-122.72764,38.48938],[-122.72764,38.48992],[-122.72695,38.48992],[-122.72695,38.49046],[-122.72626,38.49046],[-122.72626,38.491],[-122.72557,38.491],[-122.72557,38.49154],[-122.72488,38.49154],[-122.72488,38.49208],[-122.72419,38.49208],[-122.72419,38.49262],[-122.7235,38.49262],[-122.7235,38.49316],[-122.72281,38.49316],[-122.72281,38.4937],[-122.72212,38.4937],[-122.72212,38.49424],[-122.72144,38.49424],[-122.72144,38.49477],[-122.72075,38.49477],[-122.72075,38.49531],[-122.72006,38.49531],[-122.72006,38.49585],[-122.71937,38.49585],[-122.71937,38.49639],[-122.71868,38.49639],[-122.71868,38.49693],[-122.71799,38.49693],[-122.71799,38.49747],[-122.7173,38.49747],[-122.7173,38.49801],[-122.71661,38.49801],[-122.71592,38.49801],[-122.71592,38.49747],[-122.71661,38.49747],[-122.71661,38.49693],[-122.7173,38.49693],[-122.7173,38.49639],[-122.71799,38.49639],[-122.71799,38.49585],[-122.71868,38.49585],[-122.71868,38.49531],[-122.71937,38.49531],[-122.71937,38.49477],[-122.72006,38.49477],[-122.72006,38.49424],[-122.72075,38.49424],[-122.72075,38.4937],[-122.72144,38.4937],[-122.72144,38.49316],[-122.72212,38.49316],[-122.72212,38.49262],[-122.72281,38.49262],[-122.72281,38.49208],[-122.7235,38.49208],[-122.7235,38.49154],[-122.72419,38.49154],[-122.72419,38.491],[-122.72488,38.491],[-122.72488,38.49046],[-122.72557,38.49046],[-122.72557,38.48992],[-122.72626,38.48992],[-122.72626,38.48938],[-122.72695,38.48938],[-122.72695,38.48884],[-122.72764,38.48884],[-122.72764,38.4883],[-122.72833,38.4883],[-122.72833,38.48776],[-122.72901,38.48776],[-122.72901,38.48722],[-122.7297,38.48722],[-122.7297,38.48776],[-122.7297,38.4883],[-122.72901,38.4883]]],[[[-122.71523,38.49963],[-122.71455,38.49963],[-122.71455,38.50017],[-122.71386,38.50017],[-122.71386,38.50071],[-122.71317,38.50071],[-122.71317,38.50017],[-122.71317,38.49963],[-122.71386,38.49963],[-122.71386,38.49909],[-122.71455,38.49909],[-122.71455,38.49855],[-122.71523,38.49855],[-122.71523,38.49801],[-122.71592,38.49801],[-122.71592,38.49855],[-122.71592,38.49909],[-122.71523,38.49909],[-122.71523,38.49963]]]]},"properties":{"id":3902,"step":74,"cells":47,"cost":68085,"fuel_group":"grass"}},{"type":"Feature","geometry":{"type":"MultiPolygon","coordinates":[[[[-122.60155,38.58854],[-122.60086,38.58854],[-122.60086,38.58801],[-122.60086,38.58747],[-122.60155,38.58747],[-122.60155,38.58801],[-122.60155,38.58854]]],[[[-122.59948,38.59016],[-122.59879,38.59016],[-122.59879,38.5907],[-122.59811,38.5907],[-122.59811,38.59124],[-122.59742,38.59124],[-122.59742,38.59177],[-122.59673,38.59177],[-122.59673,38.59231],[-122.59604,38.59231],[-122.59604,38.59177],[-122.59604,38.59124],[-122.59673,38.59124],[-122.59673,38.5907],[-122.59742,38.5907],[-122.59742,38.59016],[-122.59811,38.59016],[-122.59811,38.58962],[-122.59879,38.58962],[-122.59879,38.58908],[-122.59948,38.58908],[-122.59948,38.58962],[-122.59948,38.59016]]],[[[-122.59535,38.59339],[-122.59466,38.59339],[-122.59397,38.59339],[-122.59397,38.59285],[-122.59466,38.59285],[-122.59466,38.59231],[-122.59535,38.59231],[-122.59604,38.59231],[-122.59604,38.59285],[-122.59535,38.59285],[-122.59535,38.59339]]]]},"properties":{"id":1116,"step":75,"cells":16,"cost":8010,"fuel_group":"grass"}},{"type":"Feature","geometry":{"type":"MultiPolygon","coordinates":[[[[-122.69112,38.56646],[-122.69181,38.56646],[-122.69181,38.567],[-122.6925,38.567],[-122.6925,38.56754],[-122.69319,38.56754],[-122.69319,38.56808],[-122.69319,38.56861],[-122.6925,38.56861],[-122.6925,38.56808],[-122.69181,38.56808],[-122.69181,38.56754],[-122.69112,38.56754],[-122.69112,38.567],[-122.69043,38.567],[-122.69043,38.56646],[-122.68974,38.56646],[-122.68974,38.56592],[-122.68905,38.56592],[-122.68905,38.56538],[-122.68836,38.56538],[-122.68836,38.56484],[-122.68767,38.56484],[-122.68767,38.5643],[-122.68836,38.5643],[-122.68905,38.5643],[-122.68905,38.56484],[-122.68974,38.56484],[-122.68974,38.56538],[-122.69043,38.56538],[-122.69043,38.56592],[-122.69112,38.56592],[-122.69112,38.56646]]],[[[-122.68561,38.56215],[-122.6863,38.56215],[-122.6863,38.56269],[-122.68699,38.56269],[-122.68699,38.56323],[-122.68767,38.56323],[-122.68767,38.56377],[-122.68699,38.56377],[-122.6863,38.56377],[-122.6863,38.56323],[-122.68561,38.56323],[-122.68561,38.56269],[-122.68492,38.56269],[-122.68492,38.56215],[-122.68492,38.56161],[-122.68561,38.56161],[-122.68561,38.56215]]]]},"properties":{"id":1739,"step":76,"cells":22,"cost":9790,"fuel_group":"grass"}}]}