{"type":"FeatureCollection","features":[{"type":"Feature","geometry":{"type":"Polygon","coordinates":[[[-121.54993,39.78244],[-121.54993,39.78298],[-121.55064,39.78298],[-121.55064,39.78352],[-121.55134,39.78352],[-121.55134,39.78406],[-121.55204,39.78406],[-121.55204,39.7846],[-121.55274,39.7846],[-121.55274,39.78514],[-121.55274,39.78568],[-121.55204,39.78568],[-121.55204,39.78514],[-121.55134,39.78514],[-121.55134,39.7846],[-121.55064,39.7846],[-121.55064,39.78406],[-121.54993,39.78406],[-121.54993,39.78352],[-121.54923,39.78352],[-121.54923,39.78298],[-121.54853,39.78298],[-121.54853,39.78244],[-121.54783,39.78244],[-121.54783,39.7819],[-121.54713,39.7819],[-121.54713,39.78137],[-121.54643,39.78137],[-121.54643,39.78083],[-121.54573,39.78083],[-121.54573,39.78029],[-121.54503,39.78029],[-121.54503,39.77975],[-121.54432,39.77975],[-121.54432,39.77921],[-121.54432,39.77867],[-121.54503,39.77867],[-121.54503,39.77921],[-121.54573,39.77921],[-121.54573,39.77975],[-121.54643,39.77975],[-121.54643,39.78029],[-121.54713,39.78029],[-121.54713,39.78083],[-121.54783,39.78083],[-121.54783,39.78137],[-121.54853,39.78137],[-121.54853,39.7819],[-121.54923,39.7819],[-121.54923,39.78244],[-121.54993,39.78244]]]},"properties":{"id":1631,"step":1,"cells":24,"cost":52510,"fuel_group":"timber_understory"}},{"type":"Feature","geometry":{"type":"Polygon","coordinates":[[[-121.54993,39.79538],[-121.54993,39.79591],[-121.55064,39.79591],[-121.55064,39.79645],[-121.55134,39.79645],[-121.55134,39.79699],[-121.55204,39.79699],[-121.55204,39.79753],[-121.55274,39.79753],[-121.55274,39.79807],[-121.55274,39.79861],[-121.55204,39.79861],[-121.55204,39.79807],[-121.55134,39.79807],[-121.55134,39.79753],[-121.55064,39.79753],[-121.55064,39.79699],[-121.54993,39.79699],[-121.54993,39.79645],[-121.54923,39.79645],[-121.54923,39.79591],[-121.54853,39.79591],[-121.54853,39.79538],[-121.54783,39.79538],[-121.54783,39.79484],[-121.54713,39.79484],[-121.54713,39.7943],[-121.54643,39.7943],[-121.54643,39.79376],[-121.54573,39.79376],[-121.54573,39.79322],[-121.54503,39.79322],[-121.54503,39.79268],[-121.54432,39.79268],[-121.54432,39.79214],[-121.54432,39.7916],[-121.54503,39.7916],[-121.54503,39.79214],[-121.54573,39.79214],[-121.54573,39.79268],[-121.54643,39.79268],[-121.54643,39.79322],[-121.54713,39.79322],[-121.54713,39.79376],[-121.54783,39.79376],[-121.54783,39.7943],[-121.54853,39.7943],[-121.54853,39.79484],[-121.54923,39.79484],[-121.54923,39.79538],[-121.54993,39.79538]]]},"properties":{"id":1255,"step":2,"cells":24,"cost":25810,"fuel_group":"shrub"}},{"type":"Feature","geometry":{"type":"MultiPolygon","coordinates":[[[[-121.44755,39.78137],[-121.44685,39.78137],[-121.44685,39.7819],[-121.44755,39.7819],[-121.44755,39.78244],[-121.44685,39.78244],[-121.44685,39.78298],[-121.44685,39.78352],[-121.44615,39.78352],[-121.44615,39.78298],[-121.44615,39.78244],[-121.44615,39.7819],[-121.44615,39.78137],[-121.44615,39.78083],[-121.44615,39.78029],[-121.44615,39.77975],[-121.44685,39.77975],[-121.44755,39.77975],[-121.44755,39.78029],[-121.44755,39.78083],[-121.44755,39.78137]]],[[[-121.44755,39.7846],[-121.44685,39.7846],[-121.44685,39.78406],[-121.44755,39.78406],[-121.44755,39.7846]]],[[[-121.44755,39.78568],[-121.44685,39.78568],[-121.44685,39.78514],[-121.44755,39.78514],[-121.44755,39.78568]]],[[[-121.44755,39.78837],[-121.44755,39.78891],[-121.44755,39.78945],[-121.44755,39.78999],[-121.44755,39.79053],[-121.44755,39.79107],[-121.44755,39.7916],[-121.44755,39.79214],[-121.44755,39.79268],[-121.44755,39.79322],[-121.44755,39.79376],[-121.44755,39.7943],[-121.44755,39.79484],[-121.44755,39.79538],[-121.44755,39.79591],[-121.44755,39.79645],[-121.44755,39.79699],[-121.44755,39.79753],[-121.44685,39.79753],[-121.44615,39.79753],[-121.44615,39.79699],[-121.44615,39.79645],[-121.44615,39.79591],[-121.44615,39.79538],[-121.44615,39.79484],[-121.44615,39.7943],[-121.44615,39.79376],[-121.44615,39.79322],[-121.44615,39.79268],[-121.44615,39.79214],[-121.44615,39.7916],[-121.44615,39.79107],[-121.44615,39.79053],[-121.44615,39.78999],[-121.44615,39.78945],[-121.44615,39.78891],[-121.44615,39.78837],[-121.44615,39.78783],[-121.44615,39.78729],[-121.44615,39.78675],[-121.44685,39.78675],[-121.44755,39.78675],[-121.44755,39.78729],[-121.44755,39.78783],[-121.44755,39.78837]]],[[[-121.44685,39.78622],[-121.44615,39.78622],[-121.44615,39.78568],[-121.44685,39.78568],[-121.44685,39.78622]]]]},"properties":{"id":1538,"step":3,"cells":54,"cost":110360,"fuel_group":"timber_understory"}},{"type":"Feature","geometry":{"type":"MultiPolygon","coordinates":[[[[-121.55554,39.71829],[-121.55554,39.71775],[-121.55554,39.71721],[-121.55624,39.71721],[-121.55624,39.71775],[-121.55624,39.71829],[-121.55554,39.71829]]],[[[-121.55414,39.71936],[-121.55414,39.7199],[-121.55344,39.7199],[-121.55344,39.72044],[-121.55274,39.72044],[-121.55274,39.72098],[-121.55204,39.72098],[-121.55204,39.72152],[-121.55134,39.72152],[-121.55134,39.72206],[-121.55064,39.72206],[-121.55064,39.7226],[-121.54993,39.7226],[-121.54993,39.72314],[-121.54923,39.72314],[-121.54923,39.72368],[-121.54853,39.72368],[-121.54853,39.72422],[-121.54783,39.72422],[-121.54783,39.72476],[-121.54713,39.72476],[-121.54713,39.7253],[-121.54643,39.7253],[-121.54643,39.72584],[-121.54573,39.72584],[-121.54573,39.72638],[-121.54503,39.72638],[-121.54503,39.72692],[-121.54432,39.72692],[-121.54432,39.72745],[-121.54362,39.72745],[-121.54362,39.72799],[-121.54292,39.72799],[-121.54292,39.72853],[-121.54222,39.72853],[-121.54222,39.72907],[-121.54152,39.72907],[-121.54152,39.72961],[-121.54082,39.72961],[-121.54082,39.73015],[-121.54012,39.73015],[-121.54012,39.73069],[-121.53942,39.73069],[-121.53942,39.73015],[-121.53942,39.72961],[-121.54012,39.72961],[-121.54012,39.72907],[-121.54082,39.72907],[-121.54082,39.72853],[-121.54152,39.72853],[-121.54152,39.72799],[-121.54222,39.72799],[-121.54222,39.72745],[-121.54292,39.72745],[-121.54292,39.72692],[-121.54362,39.72692],[-121.54362,39.72638],[-121.54432,39.72638],[-121.54432,39.72584],[-121.54503,39.72584],[-121.54503,39.7253],[-121.54573,39.7253],[-121.54573,39.72476],[-121.54643,39.72476],[-121.54643,39.72422],[-121.54713,39.72422],[-121.54713,39.72368],[-121.54783,39.72368],[-121.54783,39.72314],[-121.54853,39.72314],[-121.54853,39.7226],[-121.54923,39.7226],[-121.54923,39.72206],[-121.54993,39.72206],[-121.54993,39.72152],[-121.55064,39.72152],[-121.55064,39.72098],[-121.55134,39.72098],[-121.55134,39.72044],[-121.55204,39.72044],[-121.55204,39.7199],[-121.55274,39.7199],[-121.55274,39.71936],[-121.55344,39.71936],[-121.55344,39.71882],[-121.55414,39.71882],[-121.55414,39.71829],[-121.55484,39.71829],[-121.55554,39.71829],[-121.55554,39.71882],[-121.55484,39.71882],[-121.55484,39.71936],[-121.55414,39.71936]]]]},"properties":{"id":3217,"step":4,"cells":47,"cost":90335,"fuel_group":"timber_understory"}},{"type":"Feature","geometry":{"type":"Polygon","coordinates":[[[-121.55835,39.78891],[-121.55835,39.78945],[-121.55905,39.78945],[-121.55905,39.78999],[-121.55975,39.78999],[-121.55975,39.79053],[-121.56045,39.79053],[-121.56045,39.79107],[-121.56115,39.79107],[-121.56115,39.7916],[-121.56115,39.79214],[-121.56045,39.79214],[-121.56045,39.7916],[-121.55975,39.7916],[-121.55975,39.79107],[-121.55905,39.79107],[-121.55905,39.79053],[-121.55835,39.79053],[-121.55835,39.78999],[-121.55765,39.78999],[-121.55765,39.78945],[-121.55695,39.78945],[-121.55695,39.78891],[-121.55624,39.78891],[-121.55624,39.78837],[-121.55554,39.78837],[-121.55554,39.78783],[-121.55484,39.78783],[-121.55484,39.78729],[-121.55414,39.78729],[-121.55414,39.78675],[-121.55344,39.78675],[-121.55344,39.78622],[-121.55274,39.78622],[-121.55274,39.78568],[-121.55274,39.78514],[-121.55344,39.78514],[-121.55344,39.78568],[-121.55414,39.78568],[-121.55414,39.78622],[-121.55484,39.78622],[-121.55484,39.78675],[-121.55554,39.78675],[-121.55554,39.78729],[-121.55624,39.78729],[-121.55624,39.78783],[-121.55695,39.78783],[-121.55695,39.78837],[-121.55765,39.78837],[-121.55765,39.78891],[-121.55835,39.78891]]]},"properties":{"id":1435,"step":5,"cells":24,"cost":33820,"fuel_group":"grass"}},{"type":"Feature","geometry":{"type":"Polygon","coordinates":[[[-121.44334,39.7916],[-121.44405,39.7916],[-121.44405,39.79214],[-121.44475,39.79214],[-121.44475,39.79268],[-121.44545,39.79268],[-121.44545,39.79322],[-121.44615,39.79322],[-121.44615,39.79376],[-121.44685,39.79376],[-121.44685,39.7943],[-121.44755,39.7943],[-121.44755,39.79484],[-121.44755,39.79538],[-121.44685,39.79538],[-121.44685,39.79484],[-121.44615,39.79484],[-121.44615,39.7943],[-121.44545,39.7943],[-121.44545,39.79376],[-121.44475,39.79376],[-121.44475,39.79322],[-121.44405,39.79322],[-121.44405,39.79268],[-121.44334,39.79268],[-121.44334,39.79214],[-121.44264,39.79214],[-121.44264,39.7916],[-121.44194,39.7916],[-121.44194,39.79107],[-121.44124,39.79107],[-121.44124,39.79053],[-121.44054,39.79053],[-121.44054,39.78999],[-121.43984,39.78999],[-121.43984,39.78945],[-121.43914,39.78945],[-121.43914,39.78891],[-121.43844,39.78891],[-121.43844,39.78837],[-121.43773,39.78837],[-121.43773,39.78783],[-121.43703,39.78783],[-121.43703,39.78729],[-121.43633,39.78729],[-121.43633,39.78675],[-121.43563,39.78675],[-121.43563,39.78622],[-121.43493,39.78622],[-121.43493,39.78568],[-121.43423,39.78568],[-121.43423,39.78514],[-121.43353,39.78514],[-121.43353,39.7846],[-121.43283,39.7846],[-121.43283,39.78406],[-121.43212,39.78406],[-121.43212,39.78352],[-121.43142,39.78352],[-121.43142,39.78298],[-121.43072,39.78298],[-121.43072,39.78244],[-121.43072,39.7819],[-121.43142,39.7819],[-121.43142,39.78244],[-121.43212,39.78244],[-121.43212,39.78298],[-121.43283,39.78298],[-121.43283,39.78352],[-121.43353,39.78352],[-121.43353,39.78406],[-121.43423,39.78406],[-121.43423,39.7846],[-121.43493,39.7846],[-121.43493,39.78514],[-121.43563,39.78514],[-121.43563,39.78568],[-121.43633,39.78568],[-121.43633,39.78622],[-121.43703,39.78622],[-121.43703,39.78675],[-121.43773,39.78675],[-121.43773,39.78729],[-121.43844,39.78729],[-121.43844,39.78783],[-121.43914,39.78783],[-121.43914,39.78837],[-121.43984,39.78837],[-121.43984,39.78891],[-121.44054,39.78891],[-121.44054,39.78945],[-121.44124,39.78945],[-121.44124,39.78999],[-121.44194,39.78999],[-121.44194,39.79053],[-121.44264,39.79053],[-121.44264,39.79107],[-121.44334,39.79107],[-121.44334,39.7916]]]},"properties":{"id":1548,"step":6,"cells":48,"cost":106800,"fuel_group":"timber_understory"}},{"type":"Feature","geometry":{"type":"Polygon","coordinates":[[[-121.51768,39.78406],[-121.51838,39.78406],[-121.51838,39.7846],[-121.51908,39.7846],[-121.51908,39.78514],[-121.51908,39.78568],[-121.51838,39.78568],[-121.51838,39.78514],[-121.51768,39.78514],[-121.51768,39.7846],[-121.51698,39.7846],[-121.51698,39.78406],[-121.51627,39.78406],[-121.51627,39.78352],[-121.51557,39.78352],[-121.51557,39.78298],[-121.51487,39.78298],[-121.51487,39.78244],[-121.51417,39.78244],[-121.51417,39.7819],[-121.51347,39.7819],[-121.51347,39.78137],[-121.51277,39.78137],[-121.51277,39.78083],[-121.51277,39.78029],[-121.51347,39.78029],[-121.51347,39.78083],[-121.51417,39.78083],[-121.51417,39.78137],[-121.51487,39.78137],[-121.51487,39.7819],[-121.51557,39.7819],[-121.51557,39.78244],[-121.51627,39.78244],[-121.51627,39.78298],[-121.51698,39.78298],[-121.51698,39.78352],[-121.51768,39.78352],[-121.51768,39.78406]]]},"properties":{"id":1663,"step":7,"cells":18,"cost":31150,"fuel_group":"timber_understory"}},{"type":"Feature","geometry":{"type":"Polygon","coordinates":[[[-121.54853,39.76897],[-121.54853,39.76951],[-121.54853,39.77005],[-121.54853,39.77059],[-121.54853,39.77113],[-121.54853,39.77166],[-121.54853,39.7722],[-121.54853,39.77274],[-121.54853,39.77328],[-121.54853,39.77382],[-121.54853,39.77436],[-121.54853,39.7749],[-121.54853,39.77544],[-121.54853,39.77598],[-121.54853,39.77652],[-121.54853,39.77705],[-121.54853,39.77759],[-121.54853,39.77813],[-121.54853,39.77867],[-121.54853,39.77921],[-121.54853,39.77975],[-121.54853,39.78029],[-121.54853,39.78083],[-121.54853,39.78137],[-121.54853,39.7819],[-121.54853,39.78244],[-121.54853,39.78298],[-121.54853,39.78352],[-121.54853,39.78406],[-121.54853,39.7846],[-121.54783,39.7846],[-121.54713,39.7846],[-121.54713,39.78406],[-121.54713,39.78352],[-121.54713,39.78298],[-121.54713,39.78244],[-121.54713,39.7819],[-121.54713,39.78137],[-121.54713,39.78083],[-121.54713,39.78029],[-121.54713,39.77975],[-121.54713,39.77921],[-121.54713,39.77867],[-121.54713,39.77813],[-121.54713,39.77759],[-121.54713,39.77705],[-121.54713,39.77652],[-121.54713,39.77598],[-121.54713,39.77544],[-121.54713,39.7749],[-121.54713,39.77436],[-121.54713,39.77382],[-121.54713,39.77328],[-121.54713,39.77274],[-121.54713,39.7722],[-121.54713,39.77166],[-121.54713,39.77113],[-121.54713,39.77059],[-121.54713,39.77005],[-121.54713,39.76951],[-121.54713,39.76897],[-121.54713,39.76843],[-121.54713,39.76789],[-121.54713,39.76735],[-121.54713,39.76681],[-121.54783,39.76681],[-121.54853,39.76681],[-121.54853,39.76735],[-121.54853,39.76789],[-121.54853,39.76843],[-121.54853,39.76897]]]},"properties":{"id":1817,"step":8,"cells":66,"cost":117480,"fuel_group":"timber_understory"}},{"type":"Feature","geometry":{"type":"Polygon","coordinates":[[[-121.56115,39.79807],[-121.56185,39.79807],[-121.56185,39.79861],[-121.56256,39.79861],[-121.56256,39.79915],[-121.56326,39.79915],[-121.56326,39.79969],[-121.56396,39.79969],[-121.56396,39.80022],[-121.56466,39.80022],[-121.56466,39.80076],[-121.56536,39.80076],[-121.56536,39.8013],[-121.56536,39.80184],[-121.56466,39.80184],[-121.56466,39.8013],[-121.56396,39.8013],[-121.56396,39.80076],[-121.56326,39.80076],[-121.56326,39.80022],[-121.56256,39.80022],[-121.56256,39.79969],[-121.56185,39.79969],[-121.56185,39.79915],[-121.56115,39.79915],[-121.56115,39.79861],[-121.56045,39.79861],[-121.56045,39.79807],[-121.55975,39.79807],[-121.55975,39.79753],[-121.55905,39.79753],[-121.55905,39.79699],[-121.55835,39.79699],[-121.55835,39.79645],[-121.55765,39.79645],[-121.55765,39.79591],[-121.55695,39.79591],[-121.55695,39.79538],[-121.55624,39.79538],[-121.55624,39.79484],[-121.55554,39.79484],[-121.55554,39.7943],[-121.55484,39.7943],[-121.55484,39.79376],[-121.55414,39.79376],[-121.55414,39.79322],[-121.55344,39.79322],[-121.55344,39.79268],[-121.55274,39.79268],[-121.55274,39.79214],[-121.55204,39.79214],[-121.55204,39.7916],[-121.55134,39.7916],[-121.55134,39.79107],[-121.55064,39.79107],[-121.55064,39.79053],[-121.54993,39.79053],[-121.54993,39.78999],[-121.54923,39.78999],[-121.54923,39.78945],[-121.54853,39.78945],[-121.54853,39.78891],[-121.54853,39.78837],[-121.54923,39.78837],[-121.54923,39.78891],[-121.54993,39.78891],[-121.54993,39.78945],[-121.55064,39.78945],[-121.55064,39.78999],[-121.55134,39.78999],[-121.55134,39.79053],[-121.55204,39.79053],[-121.55204,39.79107],[-121.55274,39.79107],[-121.55274,39.7916],[-121.55344,39.7916],[-121.55344,39.79214],[-121.55414,39.79214],[-121.55414,39.79268],[-121.55484,39.79268],[-121.55484,39.79322],[-121.55554,39.79322],[-121.55554,39.79376],[-121.55624,39.79376],[-121.55624,39.7943],[-121.55695,39.7943],[-121.55695,39.79484],[-121.55765,39.79484],[-121.55765,39.79538],[-121.55835,39.79538],[-121.55835,39.79591],[-121.55905,39.79591],[-121.55905,39.79645],[-121.55975,39.79645],[-121.55975,39.79699],[-121.56045,39.79699],[-121.56045,39.79753],[-121.56115,39.79753],[-121.56115,39.79807]]]},"properties":{"id":1248,"step":9,"cells":48,"cost":62300,"fuel_group":"shrub"}},{"type":"Feature","geometry":{"type":"MultiPolygon","coordinates":[[[[-121.50505,39.82177],[-121.50505,39.82231],[-121.50435,39.82231],[-121.50435,39.82285],[-121.50365,39.82285],[-121.50365,39.82339],[-121.50295,39.82339],[-121.50295,39.82393],[-121.50225,39.82393],[-121.50225,39.82446],[-121.50155,39.82446],[-121.50155,39.825],[-121.50085,39.825],[-121.50085,39.82554],[-121.50015,39.82554],[-121.50015,39.82608],[-121.49944,39.82608],[-121.49944,39.82662],[-121.49874,39.82662],[-121.49874,39.82716],[-121.49804,39.82716],[-121.49804,39.8277],[-121.49734,39.8277],[-121.49734,39.82823],[-121.49664,39.82823],[-121.49664,39.82877],[-121.49594,39.82877],[-121.49594,39.82931],[-121.49524,39.82931],[-121.49524,39.82985],[-121.49454,39.82985],[-121.49383,39.82985],[-121.49383,39.82931],[-121.49454,39.82931],[-121.49454,39.82877],[-121.49524,39.82877],[-121.49524,39.82823],[-121.49594,39.82823],[-121.49594,39.8277],[-121.49664,39.8277],[-121.49664,39.82716],[-121.49734,39.82716],[-121.49734,39.82662],[-121.49804,39.82662],[-121.49804,39.82608],[-121.49874,39.82608],[-121.49874,39.82554],[-121.49944,39.82554],[-121.49944,39.825],[-121.50015,39.825],[-121.50015,39.82446],[-121.50085,39.82446],[-121.50085,39.82393],[-121.50155,39.82393],[-121.50155,39.82339],[-121.50225,39.82339],[-121.50225,39.82285],[-121.50295,39.82285],[-121.50295,39.82231],[-121.50365,39.82231],[-121.50365,39.82177],[-121.50435,39.82177],[-121.50435,39.82123],[-121.50505,39.82123],[-121.50505,39.82069],[-121.50576,39.82069],[-121.50576,39.82123],[-121.50576,39.82177],[-121.50505,39.82177]]],[[[-121.49313,39.83147],[-121.49243,39.83147],[-121.49243,39.832],[-121.49173,39.832],[-121.49173,39.83254],[-121.49103,39.83254],[-121.49103,39.83308],[-121.49033,39.83308],[-121.49033,39.83362],[-121.48963,39.83362],[-121.48963,39.83416],[-121.48893,39.83416],[-121.48893,39.83362],[-121.48893,39.83308],[-121.48963,39.83308],[-121.48963,39.83254],[-121.49033,39.83254],[-121.49033,39.832],[-121.49103,39.832],[-121.49103,39.83147],[-121.49173,39.83147],[-121.49173,39.83093],[-121.49243,39.83093],[-121.49243,39.83039],[-121.49313,39.83039],[-121.49313,39.82985],[-121.49383,39.82985],[-121.49383,39.83039],[-121.49383,39.83093],[-121.49313,39.83093],[-121.49313,39.83147]]]]},"properties":{"id":436,"step":10,"cells":47,"cost":39605,"fuel_group":"grass"}},{"type":"Feature","geometry":{"type":"Polygon","coordinates":[[[-121.52749,39.811],[-121.5282,39.811],[-121.5282,39.81154],[-121.5289,39.81154],[-121.5289,39.81208],[-121.5296,39.81208],[-121.5296,39.81261],[-121.5303,39.81261],[-121.5303,39.81315],[-121.531,39.81315],[-121.531,39.81369],[-121.5317,39.81369],[-121.5317,39.81423],[-121.5317,39.81477],[-121.531,39.81477],[-121.531,39.81423],[-121.5303,39.81423],[-121.5303,39.81369],[-121.5296,39.81369],[-121.5296,39.81315],[-121.5289,39.81315],[-121.5289,39.81261],[-121.5282,39.81261],[-121.5282,39.81208],[-121.52749,39.81208],[-121.52749,39.81154],[-121.52679,39.81154],[-121.52679,39.811],[-121.52609,39.811],[-121.52609,39.81046],[-121.52539,39.81046],[-121.52539,39.80992],[-121.52469,39.80992],[-121.52469,39.80938],[-121.52399,39.80938],[-121.52399,39.80884],[-121.52329,39.80884],[-121.52329,39.80831],[-121.52259,39.80831],[-121.52259,39.80777],[-121.52188,39.80777],[-121.52188,39.80723],[-121.52118,39.80723],[-121.52118,39.80669],[-121.52048,39.80669],[-121.52048,39.80615],[-121.51978,39.80615],[-121.51978,39.80561],[-121.51908,39.80561],[-121.51908,39.80507],[-121.51838,39.80507],[-121.51838,39.80453],[-121.51768,39.80453],[-121.51768,39.804],[-121.51698,39.804],[-121.51698,39.80346],[-121.51627,39.80346],[-121.51627,39.80292],[-121.51557,39.80292],[-121.51557,39.80238],[-121.51487,39.80238],[-121.51487,39.80184],[-121.51487,39.8013],[-121.51557,39.8013],[-121.51557,39.80184],[-121.51627,39.80184],[-121.51627,39.80238],[-121.51698,39.80238],[-121.51698,39.80292],[-121.51768,39.80292],[-121.51768,39.80346],[-121.51838,39.80346],[-121.51838,39.804],[-121.51908,39.804],[-121.51908,39.80453],[-121.51978,39.80453],[-121.51978,39.80507],[-121.52048,39.80507],[-121.52048,39.80561],[-121.52118,39.80561],[-121.52118,39.80615],[-121.52188,39.80615],[-121.52188,39.80669],[-121.52259,39.80669],[-121.52259,39.80723],[-121.52329,39.80723],[-121.52329,39.80777],[-121.52399,39.80777],[-121.52399,39.80831],[-121.52469,39.80831],[-121.52469,39.80884],[-121.52539,39.80884],[-121.52539,39.80938],[-121.52609,39.80938],[-121.52609,39.80992],[-121.52679,39.80992],[-121.52679,39.81046],[-121.52749,39.81046],[-121.52749,39.811]]]},"properties":{"id":909,"step":11,"cells":48,"cost":96120,"fuel_group":"timber_understory"}},{"type":"Feature","geometry":{"type":"MultiPolygon","coordinates":[[[[-121.66143,39.72152],[-121.66073,39.72152],[-121.66073,39.72206],[-121.66003,39.72206],[-121.66003,39.72152],[-121.66003,39.72098],[-121.66073,39.72098],[-121.66073,39.72044],[-121.66143,39.72044],[-121.66143,39.72098],[-121.66143,39.72152]]],[[[-121.65933,39.72206],[-121.66003,39.72206],[-121.66003,39.7226],[-121.65933,39.7226],[-121.65933,39.72206]]],[[[-121.65793,39.7226],[-121.65863,39.7226],[-121.65863,39.72314],[-121.65793,39.72314],[-121.65793,39.7226]]],[[[-121.65793,39.72422],[-121.65722,39.72422],[-121.65722,39.72476],[-121.65652,39.72476],[-121.65652,39.7253],[-121.65582,39.7253],[-121.65582,39.72584],[-121.65512,39.72584],[-121.65512,39.72638],[-121.65442,39.72638],[-121.65442,39.72692],[-121.65372,39.72692],[-121.65302,39.72692],[-121.65302,39.72638],[-121.65372,39.72638],[-121.65372,39.72584],[-121.65442,39.72584],[-121.65442,39.7253],[-121.65512,39.7253],[-121.65512,39.72476],[-121.65582,39.72476],[-121.65582,39.72422],[-121.65652,39.72422],[-121.65652,39.72368],[-121.65722,39.72368],[-121.65722,39.72314],[-121.65793,39.72314],[-121.65793,39.72368],[-121.65793,39.72422]]]]},"properties":{"id":3113,"step":12,"cells":19,"cost":16465,"fuel_group":"grass"}},{"type":"Feature","geometry":{"type":"Polygon","coordinates":[[[-121.55554,39.78945],[-121.55554,39.78999],[-121.55484,39.78999],[-121.55484,39.79053],[-121.55414,39.79053],[-121.55414,39.79107],[-121.55344,39.79107],[-121.55344,39.7916],[-121.55274,39.7916],[-121.55274,39.79214],[-121.55204,39.79214],[-121.55204,39.79268],[-121.55134,39.79268],[-121.55134,39.79322],[-121.55064,39.79322],[-121.55064,39.79376],[-121.54993,39.79376],[-121.54993,39.7943],[-121.54923,39.7943],[-121.54923,39.79484],[-121.54853,39.79484],[-121.54853,39.79538],[-121.54783,39.79538],[-121.54783,39.79591],[-121.54713,39.79591],[-121.54713,39.79645],[-121.54643,39.79645],[-121.54643,39.79699],[-121.54573,39.79699],[-121.54573,39.79753],[-121.54503,39.79753],[-121.54503,39.79807],[-121.54432,39.79807],[-121.54432,39.79861],[-121.54362,39.79861],[-121.54362,39.79915],[-121.54292,39.79915],[-121.54292,39.79969],[-121.54222,39.79969],[-121.54222,39.80022],[-121.54152,39.80022],[-121.54152,39.80076],[-121.54082,39.80076],[-121.54082,39.8013],[-121.54012,39.8013],[-121.54012,39.80184],[-121.53942,39.80184],[-121.53942,39.8013],[-121.53942,39.80076],[-121.54012,39.80076],[-121.54012,39.80022],[-121.54082,39.80022],[-121.54082,39.79969],[-121.54152,39.79969],[-121.54152,39.79915],[-121.54222,39.79915],[-121.54222,39.79861],[-121.54292,39.79861],[-121.54292,39.79807],[-121.54362,39.79807],[-121.54362,39.79753],[-121.54432,39.79753],[-121.54432,39.79699],[-121.54503,39.79699],[-121.54503,39.79645],[-121.54573,39.79645],[-121.54573,39.79591],[-121.54643,39.79591],[-121.54643,39.79538],[-121.54713,39.79538],[-121.54713,39.79484],[-121.54783,39.79484],[-121.54783,39.7943],[-121.54853,39.7943],[-121.54853,39.79376],[-121.54923,39.79376],[-121.54923,39.79322],[-121.54993,39.79322],[-121.54993,39.79268],[-121.55064,39.79268],[-121.55064,39.79214],[-121.55134,39.79214],[-121.55134,39.7916],[-121.55204,39.7916],[-121.55204,39.79107],[-121.55274,39.79107],[-121.55274,39.79053],[-121.55344,39.79053],[-121.55344,39.78999],[-121.55414,39.78999],[-121.55414,39.78945],[-121.55484,39.78945],[-121.55484,39.78891],[-121.55554,39.78891],[-121.55554,39.78837],[-121.55624,39.78837],[-121.55624,39.78891],[-121.55624,39.78945],[-121.55554,39.78945]]]},"properties":{"id":1258,"step":13,"cells":48,"cost":44500,"fuel_group":"grass"}},{"type":"Feature","geometry":{"type":"Polygon","coordinates":[[[-121.55274,39.77867],[-121.55344,39.77867],[-121.55344,39.77921],[-121.55414,39.77921],[-121.55414,39.77975],[-121.55484,39.77975],[-121.55484,39.78029],[-121.55554,39.78029],[-121.55554,39.78083],[-121.55624,39.78083],[-121.55624,39.78137],[-121.55695,39.78137],[-121.55695,39.7819],[-121.55695,39.78244],[-121.55624,39.78244],[-121.55624,39.7819],[-121.55554,39.7819],[-121.55554,39.78137],[-121.55484,39.78137],[-121.55484,39.78083],[-121.55414,39.78083],[-121.55414,39.78029],[-121.55344,39.78029],[-121.55344,39.77975],[-121.55274,39.77975],[-121.55274,39.77921],[-121.55204,39.77921],[-121.55204,39.77867],[-121.55134,39.77867],[-121.55134,39.77813],[-121.55064,39.77813],[-121.55064,39.77759],[-121.54993,39.77759],[-121.54993,39.77705],[-121.54923,39.77705],[-121.54923,39.77652],[-121.54853,39.77652],[-121.54853,39.77598],[-121.54783,39.77598],[-121.54783,39.77544],[-121.54713,39.77544],[-121.54713,39.7749],[-121.54643,39.7749],[-121.54643,39.77436],[-121.54573,39.77436],[-121.54573,39.77382],[-121.54503,39.77382],[-121.54503,39.77328],[-121.54432,39.77328],[-121.54432,39.77274],[-121.54362,39.77274],[-121.54362,39.7722],[-121.54292,39.7722],[-121.54292,39.77166],[-121.54222,39.77166],[-121.54222,39.77113],[-121.54152,39.77113],[-121.54152,39.77059],[-121.54082,39.77059],[-121.54082,39.77005],[-121.54012,39.77005],[-121.54012,39.76951],[-121.54012,39.76897],[-121.54082,39.76897],[-121.54082,39.76951],[-121.54152,39.76951],[-121.54152,39.77005],[-121.54222,39.77005],[-121.54222,39.77059],[-121.54292,39.77059],[-121.54292,39.77113],[-121.54362,39.77113],[-121.54362,39.77166],[-121.54432,39.77166],[-121.54432,39.7722],[-121.54503,39.7722],[-121.54503,39.77274],[-121.54573,39.77274],[-121.54573,39.77328],[-121.54643,39.77328],[-121.54643,39.77382],[-121.54713,39.77382],[-121.54713,39.77436],[-121.54783,39.77436],[-121.54783,39.7749],[-121.54853,39.7749],[-121.54853,39.77544],[-121.54923,39.77544],[-121.54923,39.77598],[-121.54993,39.77598],[-121.54993,39.77652],[-121.55064,39.77652],[-121.55064,39.77705],[-121.55134,39.77705],[-121.55134,39.77759],[-121.55204,39.77759],[-121.55204,39.77813],[-121.55274,39.77813],[-121.55274,39.77867]]]},"properties":{"id":1819,"step":14,"cells":48,"cost":97010,"fuel_group":"timber_understory"}},{"type":"Feature","geometry":{"type":"Polygon","coordinates":[[[-121.51838,39.80561],[-121.51768,39.80561],[-121.51768,39.80615],[-121.51698,39.80615],[-121.51698,39.80669],[-121.51627,39.80669],[-121.51627,39.80723],[-121.51557,39.80723],[-121.51557,39.80777],[-121.51487,39.80777],[-121.51487,39.80831],[-121.51417,39.80831],[-121.51417,39.80884],[-121.51347,39.80884],[-121.51347,39.80938],[-121.51277,39.80938],[-121.51277,39.80992],[-121.51207,39.80992],[-121.51207,39.81046],[-121.51137,39.81046],[-121.51137,39.811],[-121.51066,39.811],[-121.51066,39.81154],[-121.50996,39.81154],[-121.50996,39.811],[-121.50996,39.81046],[-121.51066,39.81046],[-121.51066,39.80992],[-121.51137,39.80992],[-121.51137,39.80938],[-121.51207,39.80938],[-121.51207,39.80884],[-121.51277,39.80884],[-121.51277,39.80831],[-121.51347,39.80831],[-121.51347,39.80777],[-121.51417,39.80777],[-121.51417,39.80723],[-121.51487,39.80723],[-121.51487,39.80669],[-121.51557,39.80669],[-121.51557,39.80615],[-121.51627,39.80615],[-121.51627,39.80561],[-121.51698,39.80561],[-121.51698,39.80507],[-121.51768,39.80507],[-121.51768,39.80453],[-121.51838,39.80453],[-121.51838,39.80507],[-121.51838,39.80561]]]},"properties":{"id":918,"step":15,"cells":24,"cost":39160,"fuel_group":"timber_understory"}},{"type":"Feature","geometry":{"type":"Polygon","coordinates":[[[-121.43914,39.79214],[-121.43914,39.79268],[-121.43914,39.79322],[-121.43914,39.79376],[-121.43914,39.7943],[-121.43914,39.79484],[-121.43914,39.79538],[-121.43914,39.79591],[-121.43914,39.79645],[-121.43914,39.79699],[-121.43914,39.79753],[-121.43914,39.79807],[-121.43914,39.79861],[-121.43914,39.79915],[-121.43914,39.79969],[-121.43844,39.79969],[-121.43773,39.79969],[-121.43773,39.79915],[-121.43773,39.79861],[-121.43773,39.79807],[-121.43773,39.79753],[-121.43773,39.79699],[-121.43773,39.79645],[-121.43773,39.79591],[-121.43773,39.79538],[-121.43773,39.79484],[-121.43773,39.7943],[-121.43773,39.79376],[-121.43773,39.79322],[-121.43773,39.79268],[-121.43773,39.79214],[-121.43773,39.7916],[-121.43773,39.79107],[-121.43773,39.79053],[-121.43844,39.79053],[-121.43914,39.79053],[-121.43914,39.79107],[-121.43914,39.7916],[-121.43914,39.79214]]]},"properties":{"id":1354,"step":16,"cells":34,"cost":75650,"fuel_group":"timber_understory"}},{"type":"Feature","geometry":{"type":"Polygon","coordinates":[[[-121.54853,39.7819],[-121.54853,39.78244],[-121.54853,39.78298],[-121.54853,39.78352],[-121.54853,39.78406],[-121.54853,39.7846],[-121.54853,39.78514],[-121.54853,39.78568],[-121.54853,39.78622],[-121.54853,39.78675],[-121.54853,39.78729],[-121.54853,39.78783],[-121.54853,39.78837],[-121.54853,39.78891],[-121.54853,39.78945],[-121.54853,39.78999],[-121.54853,39.79053],[-121.54853,39.79107],[-121.54853,39.7916],[-121.54853,39.79214],[-121.54853,39.79268],[-121.54853,39.79322],[-121.54853,39.79376],[-121.54853,39.7943],[-121.54853,39.79484],[-121.54853,39.79538],[-121.54853,39.79591],[-121.54853,39.79645],[-121.54853,39.79699],[-121.54853,39.79753],[-121.54783,39.79753],[-121.54713,39.79753],[-121.54713,39.79699],[-121.54713,39.79645],[-121.54713,39.79591],[-121.54713,39.79538],[-121.54713,39.79484],[-121.54713,39.7943],[-121.54713,39.79376],[-121.54713,39.79322],[-121.54713,39.79268],[-121.54713,39.79214],[-121.54713,39.7916],[-121.54713,39.79107],[-121.54713,39.79053],[-121.54713,39.78999],[-121.54713,39.78945],[-121.54713,39.78891],[-121.54713,39.78837],[-121.54713,39.78783],[-121.54713,39.78729],[-121.54713,39.78675],[-121.54713,39.78622],[-121.54713,39.78568],[-121.54713,39.78514],[-121.54713,39.7846],[-121.54713,39.78406],[-121.54713,39.78352],[-121.54713,39.78298],[-121.54713,39.78244],[-121.54713,39.7819],[-121.54713,39.78137],[-121.54713,39.78083],[-121.54713,39.78029],[-121.54713,39.77975],[-121.54783,39.77975],[-121.54853,39.77975],[-121.54853,39.78029],[-121.54853,39.78083],[-121.54853,39.78137],[-121.54853,39.7819]]]},"properties":{"id":1442,"step":17,"cells":66,"cost":86330,"fuel_group":"grass"}},{"type":"Feature","geometry":{"type":"Polygon","coordinates":[[[-121.43142,39.78783],[-121.43212,39.78783],[-121.43283,39.78783],[-121.43353,39.78783],[-121.43423,39.78783],[-121.43493,39.78783],[-121.43563,39.78783],[-121.43633,39.78783],[-121.43633,39.78837],[-121.43633,39.78891],[-121.43563,39.78891],[-121.43493,39.78891],[-121.43423,39.78891],[-121.43353,39.78891],[-121.43283,39.78891],[-121.43212,39.78891],[-121.43142,39.78891],[-121.43072,39.78891],[-121.43002,39.78891],[-121.42932,39.78891],[-121.42862,39.78891],[-121.42792,39.78891],[-121.42722,39.78891],[-121.42651,39.78891],[-121.42581,39.78891],[-121.42511,39.78891],[-121.42441,39.78891],[-121.42441,39.78837],[-121.42441,39.78783],[-121.42511,39.78783],[-121.42581,39.78783],[-121.42651,39.78783],[-121.42722,39.78783],[-121.42792,39.78783],[-121.42862,39.78783],[-121.42932,39.78783],[-121.43002,39.78783],[-121.43072,39.78783],[-121.43142,39.78783]]]},"properties":{"id":1551,"step":18,"cells":34,"cost":75650,"fuel_group":"timber_understory"}},{"type":"Feature","geometry":{"type":"MultiPolygon","coordinates":[[[[-121.585,39.77759],[-121.5857,39.77759],[-121.5857,39.77813],[-121.5864,39.77813],[-121.5864,39.77867],[-121.5857,39.77867],[-121.585,39.77867],[-121.585,39.77813],[-121.58429,39.77813],[-121.58429,39.77759],[-121.58359,39.77759],[-121.58359,39.77705],[-121.58289,39.77705],[-121.58289,39.77652],[-121.58289,39.77598],[-121.58359,39.77598],[-121.58359,39.77652],[-121.58429,39.77652],[-121.58429,39.77705],[-121.585,39.77705],[-121.585,39.77759]]],[[[-121.57868,39.77274],[-121.57939,39.77274],[-121.57939,39.77328],[-121.58009,39.77328],[-121.58009,39.77382],[-121.57939,39.77382],[-121.57868,39.77382],[-121.57868,39.77328],[-121.57798,39.77328],[-121.57798,39.77274],[-121.57798,39.7722],[-121.57868,39.7722],[-121.57868,39.77274]]],[[[-121.58009,39.77382],[-121.58079,39.77382],[-121.58079,39.77436],[-121.58009,39.77436],[-121.58009,39.77382]]],[[[-121.58149,39.7749],[-121.58219,39.7749],[-121.58219,39.77544],[-121.58149,39.77544],[-121.58149,39.7749]]]]},"properties":{"id":1788,"step":19,"cells":16,"cost":32930,"fuel_group":"timber_litter"}},{"type":"Feature","geometry":{"type":"MultiPolygon","coordinates":[[[[-121.59061,39.75549],[-121.59061,39.75603],[-121.5899,39.75603],[-121.5899,39.75657],[-121.59061,39.75657],[-121.59061,39.75711],[-121.59061,39.75765],[-121.59061,39.75819],[-121.59061,39.75873],[-121.59061,39.75927],[-121.59061,39.75981],[-121.59061,39.76035],[-121.5899,39.76035],[-121.5899,39.76088],[-121.59061,39.76088],[-121.59061,39.76142],[-121.59061,39.76196],[-121.59061,39.7625],[-121.59061,39.76304],[-121.59061,39.76358],[-121.59061,39.76412],[-121.59061,39.76466],[-121.5899,39.76466],[-121.5892,39.76466],[-121.5892,39.76412],[-121.5892,39.76358],[-121.5892,39.76304],[-121.5892,39.7625],[-121.5892,39.76196],[-121.5892,39.76142],[-121.5892,39.76088],[-121.5892,39.76035],[-121.5892,39.75981],[-121.5899,39.75981],[-121.5899,39.75927],[-121.5892,39.75927],[-121.5892,39.75873],[-121.5892,39.75819],[-121.5899,39.75819],[-121.5899,39.75765],[-121.5899,39.75711],[-121.5892,39.75711],[-121.5892,39.75657],[-121.5892,39.75603],[-121.5892,39.75549],[-121.5892,39.75495],[-121.5892,39.75442],[-121.5892,39.75388],[-121.5899,39.75388],[-121.59061,39.75388],[-121.59061,39.75442],[-121.59061,39.75495],[-121.59061,39.75549]]],[[[-121.5899,39.77005],[-121.5892,39.77005],[-121.5892,39.76951],[-121.5892,39.76897],[-121.5892,39.76843],[-121.5899,39.76843],[-121.5899,39.76897],[-121.59061,39.76897],[-121.59061,39.76951],[-121.59061,39.77005],[-121.5899,39.77005]]],[[[-121.59061,39.76627],[-121.5899,39.76627],[-121.5899,39.76681],[-121.5892,39.76681],[-121.5892,39.76627],[-121.5892,39.76574],[-121.5899,39.76574],[-121.59061,39.76574],[-121.59061,39.76627]]],[[[-121.59061,39.76843],[-121.5899,39.76843],[-121.5899,39.76789],[-121.59061,39.76789],[-121.59061,39.76843]]]]},"properties":{"id":2124,"step":20,"cells":44,"cost":91670,"fuel_group":"timber_litter"}},{"type":"Feature","geometry":{"type":"MultiPolygon","coordinates":[[[[-121.58149,39.76789],[-121.58149,39.76843],[-121.58219,39.76843],[-121.58219,39.76897],[-121.58219,39.76951],[-121.58219,39.77005],[-121.58219,39.77059],[-121.58219,39.77113],[-121.58219,39.77166],[-121.58219,39.7722],[-121.58219,39.77274],[-121.58219,39.77328],[-121.58219,39.77382],[-121.58219,39.77436],[-121.58149,39.77436],[-121.58079,39.77436],[-121.58079,39.77382],[-121.58079,39.77328],[-121.58079,39.77274],[-121.58079,39.7722],[-121.58079,39.77166],[-121.58079,39.77113],[-121.58079,39.77059],[-121.58079,39.77005],[-121.58079,39.76951],[-121.58149,39.76951],[-121.58149,39.76897],[-121.58079,39.76897],[-121.58079,39.76843],[-121.58079,39.76789],[-121.58079,39.76735],[-121.58079,39.76681],[-121.58149,39.76681],[-121.58219,39.76681],[-121.58219,39.76735],[-121.58219,39.76789],[-121.58149,39.76789]]],[[[-121.58219,39.78352],[-121.58219,39.78406],[-121.58219,39.7846],[-121.58149,39.7846],[-121.58079,39.7846],[-121.58079,39.78406],[-121.58079,39.78352],[-121.58079,39.78298],[-121.58079,39.78244],[-121.58079,39.7819],[-121.58079,39.78137],[-121.58079,39.78083],[-121.58079,39.78029],[-121.58079,39.77975],[-121.58079,39.77921],[-121.58079,39.77867],[-121.58079,39.77813],[-121.58079,39.77759],[-121.58079,39.77705],[-121.58149,39.77705],[-121.58149,39.77759],[-121.58149,39.77813],[-121.58219,39.77813],[-121.58219,39.77867],[-121.58149,39.77867],[-121.58149,39.77921],[-121.58219,39.77921],[-121.58219,39.77975],[-121.58149,39.77975],[-121.58149,39.78029],[-121.58219,39.78029],[-121.58219,39.78083],[-121.58149,39.78083],[-121.58149,39.78137],[-121.58219,39.78137],[-121.58219,39.7819],[-121.58219,39.78244],[-121.58219,39.78298],[-121.58219,39.78352]]],[[[-121.58219,39.77544],[-121.58149,39.77544],[-121.58149,39.7749],[-121.58219,39.7749],[-121.58219,39.77544]]]]},"properties":{"id":1787,"step":21,"cells":50,"cost":104130,"fuel_group":"timber_litter"}},{"type":"Feature","geometry":{"type":"MultiPolygon","coordinates":[[[[-121.61585,39.75981],[-121.61585,39.76035],[-121.61585,39.76088],[-121.61585,39.76142],[-121.61585,39.76196],[-121.61585,39.7625],[-121.61585,39.76304],[-121.61585,39.76358],[-121.61585,39.76412],[-121.61585,39.76466],[-121.61515,39.76466],[-121.61515,39.7652],[-121.61585,39.7652],[-121.61585,39.76574],[-121.61515,39.76574],[-121.61445,39.76574],[-121.61445,39.7652],[-121.61445,39.76466],[-121.61445,39.76412],[-121.61445,39.76358],[-121.61445,39.76304],[-121.61445,39.7625],[-121.61515,39.7625],[-121.61515,39.76196],[-121.61445,39.76196],[-121.61445,39.76142],[-121.61445,39.76088],[-121.61445,39.76035],[-121.61515,39.76035],[-121.61515,39.75981],[-121.61515,39.75927],[-121.61445,39.75927],[-121.61445,39.75873],[-121.61445,39.75819],[-121.61515,39.75819],[-121.61515,39.75873],[-121.61585,39.75873],[-121.61585,39.75927],[-121.61585,39.75981]]],[[[-121.61445,39.76735],[-121.61445,39.76681],[-121.61515,39.76681],[-121.61585,39.76681],[-121.61585,39.76735],[-121.61515,39.76735],[-121.61445,39.76735]]]]},"properties":{"id":2101,"step":22,"cells":25,"cost":45835,"fuel_group":"timber_litter"}},{"type":"Feature","geometry":{"type":"Polygon","coordinates":[[[-121.56396,39.77005],[-121.56396,39.77059],[-121.56326,39.77059],[-121.56326,39.77113],[-121.56256,39.77113],[-121.56256,39.77166],[-121.56185,39.77166],[-121.56185,39.7722],[-121.56115,39.7722],[-121.56115,39.77274],[-121.56045,39.77274],[-121.56045,39.77328],[-121.55975,39.77328],[-121.55975,39.77382],[-121.55905,39.77382],[-121.55905,39.77436],[-121.55835,39.77436],[-121.55835,39.7749],[-121.55765,39.7749],[-121.55765,39.77544],[-121.55695,39.77544],[-121.55695,39.77598],[-121.55624,39.77598],[-121.55624,39.77652],[-121.55554,39.77652],[-121.55554,39.77705],[-121.55484,39.77705],[-121.55484,39.77759],[-121.55414,39.77759],[-121.55414,39.77813],[-121.55344,39.77813],[-121.55344,39.77867],[-121.55274,39.77867],[-121.55274,39.77921],[-121.55204,39.77921],[-121.55204,39.77975],[-121.55134,39.77975],[-121.55134,39.78029],[-121.55064,39.78029],[-121.55064,39.78083],[-121.54993,39.78083],[-121.54993,39.78137],[-121.54923,39.78137],[-121.54923,39.7819],[-121.54853,39.7819],[-121.54853,39.78244],[-121.54783,39.78244],[-121.54783,39.7819],[-121.54783,39.78137],[-121.54853,39.78137],[-121.54853,39.78083],[-121.54923,39.78083],[-121.54923,39.78029],[-121.54993,39.78029],[-121.54993,39.77975],[-121.55064,39.77975],[-121.55064,39.77921],[-121.55134,39.77921],[-121.55134,39.77867],[-121.55204,39.77867],[-121.55204,39.77813],[-121.55274,39.77813],[-121.55274,39.77759],[-121.55344,39.77759],[-121.55344,39.77705],[-121.55414,39.77705],[-121.55414,39.77652],[-121.55484,39.77652],[-121.55484,39.77598],[-121.55554,39.77598],[-121.55554,39.77544],[-121.55624,39.77544],[-121.55624,39.7749],[-121.55695,39.7749],[-121.55695,39.77436],[-121.55765,39.77436],[-121.55765,39.77382],[-121.55835,39.77382],[-121.55835,39.77328],[-121.55905,39.77328],[-121.55905,39.77274],[-121.55975,39.77274],[-121.55975,39.7722],[-121.56045,39.7722],[-121.56045,39.77166],[-121.56115,39.77166],[-121.56115,39.77113],[-121.56185,39.77113],[-121.56185,39.77059],[-121.56256,39.77059],[-121.56256,39.77005],[-121.56326,39.77005],[-121.56326,39.76951],[-121.56396,39.76951],[-121.56396,39.76897],[-121.56466,39.76897],[-121.56466,39.76951],[-121.56466,39.77005],[-121.56396,39.77005]]]},"properties":{"id":1813,"step":23,"cells":48,"cost":97010,"fuel_group":"timber_understory"}},{"type":"Feature","geometry":{"type":"MultiPolygon","coordinates":[[[[-121.57378,39.74309],[-121.57378,39.74363],[-121.57307,39.74363],[-121.57307,39.74309],[-121.57307,39.74255],[-121.57307,39.74201],[-121.57307,39.74148],[-121.57378,39.74148],[-121.57378,39.74201],[-121.57378,39.74255],[-121.57378,39.74309]]],[[[-121.57378,39.74471],[-121.57378,39.74525],[-121.57378,39.74579],[-121.57378,39.74633],[-121.57378,39.74687],[-121.57378,39.74741],[-121.57378,39.74795],[-121.57378,39.74848],[-121.57378,39.74902],[-121.57378,39.74956],[-121.57378,39.7501],[-121.57378,39.75064],[-121.57378,39.75118],[-121.57378,39.75172],[-121.57378,39.75226],[-121.57378,39.7528],[-121.57378,39.75334],[-121.57378,39.75388],[-121.57378,39.75442],[-121.57378,39.75495],[-121.57378,39.75549],[-121.57378,39.75603],[-121.57378,39.75657],[-121.57378,39.75711],[-121.57378,39.75765],[-121.57378,39.75819],[-121.57378,39.75873],[-121.57307,39.75873],[-121.57307,39.75819],[-121.57307,39.75765],[-121.57307,39.75711],[-121.57307,39.75657],[-121.57307,39.75603],[-121.57307,39.75549],[-121.57237,39.75549],[-121.57237,39.75495],[-121.57307,39.75495],[-121.57307,39.75442],[-121.57237,39.75442],[-121.57237,39.75388],[-121.57237,39.75334],[-121.57237,39.7528],[-121.57237,39.75226],[-121.57237,39.75172],[-121.57237,39.75118],[-121.57307,39.75118],[-121.57307,39.75064],[-121.57237,39.75064],[-121.57237,39.7501],[-121.57237,39.74956],[-121.57237,39.74902],[-121.57237,39.74848],[-121.57237,39.74795],[-121.57307,39.74795],[-121.57307,39.74741],[-121.57237,39.74741],[-121.57237,39.74687],[-121.57237,39.74633],[-121.57237,39.74579],[-121.57307,39.74579],[-121.57307,39.74525],[-121.57307,39.74471],[-121.57307,39.74417],[-121.57378,39.74417],[-121.57378,39.74471]]]]},"properties":{"id":2445,"step":24,"cells":46,"cost":98790,"fuel_group":"timber_litter"}},{"type":"Feature","geometry":{"type":"MultiPolygon","coordinates":[[[[-121.59131,39.8277],[-121.59201,39.8277],[-121.59201,39.82823],[-121.59271,39.82823],[-121.59271,39.82877],[-121.59341,39.82877],[-121.59341,39.82931],[-121.59411,39.82931],[-121.59411,39.82985],[-121.59411,39.83039],[-121.59341,39.83039],[-121.59341,39.82985],[-121.59271,39.82985],[-121.59271,39.82931],[-121.59201,39.82931],[-121.59201,39.82877],[-121.59131,39.82877],[-121.59131,39.82823],[-121.59061,39.82823],[-121.59061,39.8277],[-121.5899,39.8277],[-121.5899,39.82716],[-121.5892,39.82716],[-121.5892,39.82662],[-121.5885,39.82662],[-121.5885,39.82608],[-121.5878,39.82608],[-121.5878,39.82554],[-121.5878,39.825],[-121.5885,39.825],[-121.5885,39.82554],[-121.5892,39.82554],[-121.5892,39.82608],[-121.5899,39.82608],[-121.5899,39.82662],[-121.59061,39.82662],[-121.59061,39.82716],[-121.59131,39.82716],[-121.59131,39.8277]]],[[[-121.59411,39.83039],[-121.59481,39.83039],[-121.59481,39.83093],[-121.59411,39.83093],[-121.59411,39.83039]]],[[[-121.5864,39.825],[-121.5864,39.82446],[-121.5864,39.82393],[-121.5871,39.82393],[-121.5871,39.82446],[-121.5871,39.825],[-121.5864,39.825]]]]},"properties":{"id":345,"step":25,"cells":21,"cost":44945,"fuel_group":"timber_litter"}},{"type":"Feature","geometry":{"type":"MultiPolygon","coordinates":[[[[-121.57378,39.76897],[-121.57448,39.76897],[-121.57448,39.76951],[-121.57518,39.76951],[-121.57518,39.77005],[-121.57518,39.77059],[-121.57448,39.77059],[-121.57448,39.77005],[-121.57378,39.77005],[-121.57378,39.76951],[-121.57307,39.76951],[-121.57307,39.76897],[-121.57237,39.76897],[-121.57237,39.76843],[-121.57167,39.76843],[-121.57167,39.76789],[-121.57097,39.76789],[-121.57097,39.76735],[-121.57027,39.76735],[-121.57027,39.76681],[-121.56957,39.76681],[-121.56957,39.76627],[-121.56887,39.76627],[-121.56887,39.76574],[-121.56817,39.76574],[-121.56817,39.7652],[-121.56746,39.7652],[-121.56746,39.76466],[-121.56817,39.76466],[-121.56887,39.76466],[-121.56887,39.7652],[-121.56957,39.7652],[-121.56957,39.76574],[-121.57027,39.76574],[-121.57027,39.76627],[-121.57097,39.76627],[-121.57097,39.76681],[-121.57167,39.76681],[-121.57167,39.76735],[-121.57237,39.76735],[-121.57237,39.76789],[-121.57307,39.76789],[-121.57307,39.76843],[-121.57378,39.76843],[-121.57378,39.76897]]],[[[-121.57728,39.77166],[-121.57798,39.77166],[-121.57798,39.7722],[-121.57868,39.7722],[-121.57868,39.77274],[-121.57939,39.77274],[-121.57939,39.77328],[-121.58009,39.77328],[-121.58009,39.77382],[-121.57939,39.77382],[-121.57868,39.77382],[-121.57868,39.77328],[-121.57798,39.77328],[-121.57798,39.77274],[-121.57728,39.77274],[-121.57728,39.7722],[-121.57658,39.7722],[-121.57658,39.77166],[-121.57588,39.77166],[-121.57588,39.77113],[-121.57588,39.77059],[-121.57658,39.77059],[-121.57658,39.77113],[-121.57728,39.77113],[-121.57728,39.77166]]],[[[-121.58079,39.77436],[-121.58009,39.77436],[-121.58009,39.77382],[-121.58079,39.77382],[-121.58079,39.77436]]],[[[-121.58219,39.77544],[-121.58149,39.77544],[-121.58149,39.7749],[-121.58219,39.7749],[-121.58219,39.77544]]],[[[-121.56676,39.76358],[-121.56746,39.76358],[-121.56746,39.76412],[-121.56746,39.76466],[-121.56676,39.76466],[-121.56676,39.76412],[-121.56606,39.76412],[-121.56606,39.76358],[-121.56536,39.76358],[-121.56536,39.76304],[-121.56536,39.7625],[-121.56606,39.7625],[-121.56606,39.76304],[-121.56676,39.76304],[-121.56676,39.76358]]]]},"properties":{"id":1973,"step":26,"cells":40,"cost":81880,"fuel_group":"timber_litter"}},{"type":"Feature","geometry":{"type":"Polygon","coordinates":[[[-121.57378,39.76897],[-121.57378,39.76951],[-121.57378,39.77005],[-121.57378,39.77059],[-121.57378,39.77113],[-121.57378,39.77166],[-121.57378,39.7722],[-121.57378,39.77274],[-121.57378,39.77328],[-121.57378,39.77382],[-121.57378,39.77436],[-121.57378,39.7749],[-121.57378,39.77544],[-121.57378,39.77598],[-121.57378,39.77652],[-121.57378,39.77705],[-121.57378,39.77759],[-121.57378,39.77813],[-121.57378,39.77867],[-121.57378,39.77921],[-121.57378,39.77975],[-121.57378,39.78029],[-121.57378,39.78083],[-121.57307,39.78083],[-121.57307,39.78137],[-121.57378,39.78137],[-121.57378,39.7819],[-121.57378,39.78244],[-121.57378,39.78298],[-121.57378,39.78352],[-121.57378,39.78406],[-121.57378,39.7846],[-121.57307,39.7846],[-121.57237,39.7846],[-121.57237,39.78406],[-121.57237,39.78352],[-121.57237,39.78298],[-121.57237,39.78244],[-121.57237,39.7819],[-121.57237,39.78137],[-121.57237,39.78083],[-121.57237,39.78029],[-121.57237,39.77975],[-121.57237,39.77921],[-121.57237,39.77867],[-121.57237,39.77813],[-121.57237,39.77759],[-121.57237,39.77705],[-121.57237,39.77652],[-121.57237,39.77598],[-121.57237,39.77544],[-121.57237,39.7749],[-121.57237,39.77436],[-121.57237,39.77382],[-121.57237,39.77328],[-121.57237,39.77274],[-121.57237,39.7722],[-121.57237,39.77166],[-121.57237,39.77113],[-121.57237,39.77059],[-121.57237,39.77005],[-121.57237,39.76951],[-121.57237,39.76897],[-121.57237,39.76843],[-121.57237,39.76789],[-121.57237,39.76735],[-121.57237,39.76681],[-121.57307,39.76681],[-121.57378,39.76681],[-121.57378,39.76735],[-121.57378,39.76789],[-121.57378,39.76843],[-121.57378,39.76897]]]},"properties":{"id":1793,"step":27,"cells":65,"cost":133945,"fuel_group":"timber_litter"}},{"type":"Feature","geometry":{"type":"Polygon","coordinates":[[[-121.43072,39.77544],[-121.43072,39.77598],[-121.43072,39.77652],[-121.43072,39.77705],[-121.43072,39.77759],[-121.43072,39.77813],[-121.43072,39.77867],[-121.43072,39.77921],[-121.43072,39.77975],[-121.43072,39.78029],[-121.43072,39.78083],[-121.43072,39.78137],[-121.43072,39.7819],[-121.43072,39.78244],[-121.43072,39.78298],[-121.43072,39.78352],[-121.43072,39.78406],[-121.43072,39.7846],[-121.43072,39.78514],[-121.43072,39.78568],[-121.43072,39.78622],[-121.43072,39.78675],[-121.43072,39.78729],[-121.43072,39.78783],[-121.43072,39.78837],[-121.43072,39.78891],[-121.43072,39.78945],[-121.43072,39.78999],[-121.43072,39.79053],[-121.43072,39.79107],[-121.43002,39.79107],[-121.42932,39.79107],[-121.42932,39.79053],[-121.42932,39.78999],[-121.42932,39.78945],[-121.42932,39.78891],[-121.42932,39.78837],[-121.42932,39.78783],[-121.42932,39.78729],[-121.42932,39.78675],[-121.42932,39.78622],[-121.42932,39.78568],[-121.42932,39.78514],[-121.42932,39.7846],[-121.42932,39.78406],[-121.42932,39.78352],[-121.42932,39.78298],[-121.42932,39.78244],[-121.42932,39.7819],[-121.42932,39.78137],[-121.42932,39.78083],[-121.42932,39.78029],[-121.42932,39.77975],[-121.42932,39.77921],[-121.42932,39.77867],[-121.42932,39.77813],[-121.42932,39.77759],[-121.42932,39.77705],[-121.42932,39.77652],[-121.42932,39.77598],[-121.42932,39.77544],[-121.42932,39.7749],[-121.42932,39.77436],[-121.42932,39.77382],[-121.42932,39.77328],[-121.43002,39.77328],[-121.43072,39.77328],[-121.43072,39.77382],[-121.43072,39.77436],[-121.43072,39.7749],[-121.43072,39.77544]]]},"properties":{"id":1742,"step":28,"cells":66,"cost":146850,"fuel_group":"timber_understory"}},{"type":"Feature","geometry":{"type":"MultiPolygon","coordinates":[[[[-121.53871,39.71073],[-121.53942,39.71073],[-121.53942,39.71127],[-121.53871,39.71127],[-121.53871,39.71073]]],[[[-121.53871,39.71235],[-121.53801,39.71235],[-121.53801,39.71289],[-121.53731,39.71289],[-121.53731,39.71343],[-121.53661,39.71343],[-121.53661,39.71397],[-121.53591,39.71397],[-121.53591,39.71451],[-121.53521,39.71451],[-121.53521,39.71505],[-121.53451,39.71505],[-121.53451,39.71559],[-121.53381,39.71559],[-121.53381,39.71613],[-121.5331,39.71613],[-121.5331,39.71667],[-121.5324,39.71667],[-121.5324,39.71721],[-121.5317,39.71721],[-121.5317,39.71775],[-121.531,39.71775],[-121.531,39.71829],[-121.5303,39.71829],[-121.5303,39.71882],[-121.5296,39.71882],[-121.5296,39.71936],[-121.5289,39.71936],[-121.5289,39.7199],[-121.5282,39.7199],[-121.5282,39.72044],[-121.52749,39.72044],[-121.52749,39.72098],[-121.52679,39.72098],[-121.52679,39.72152],[-121.52609,39.72152],[-121.52609,39.72206],[-121.52539,39.72206],[-121.52539,39.7226],[-121.52469,39.7226],[-121.52469,39.72314],[-121.52399,39.72314],[-121.52399,39.72368],[-121.52329,39.72368],[-121.52329,39.72422],[-121.52259,39.72422],[-121.52259,39.72368],[-121.52259,39.72314],[-121.52329,39.72314],[-121.52329,39.7226],[-121.52399,39.7226],[-121.52399,39.72206],[-121.52469,39.72206],[-121.52469,39.72152],[-121.52539,39.72152],[-121.52539,39.72098],[-121.52609,39.72098],[-121.52609,39.72044],[-121.52679,39.72044],[-121.52679,39.7199],[-121.52749,39.7199],[-121.52749,39.71936],[-121.5282,39.71936],[-121.5282,39.71882],[-121.5289,39.71882],[-121.5289,39.71829],[-121.5296,39.71829],[-121.5296,39.71775],[-121.5303,39.71775],[-121.5303,39.71721],[-121.531,39.71721],[-121.531,39.71667],[-121.5317,39.71667],[-121.5317,39.71613],[-121.5324,39.71613],[-121.5324,39.71559],[-121.5331,39.71559],[-121.5331,39.71505],[-121.53381,39.71505],[-121.53381,39.71451],[-121.53451,39.71451],[-121.53451,39.71397],[-121.53521,39.71397],[-121.53521,39.71343],[-121.53591,39.71343],[-121.53591,39.71289],[-121.53661,39.71289],[-121.53661,39.71235],[-121.53731,39.71235],[-121.53731,39.71181],[-121.53801,39.71181],[-121.53801,39.71127],[-121.53871,39.71127],[-121.53871,39.71181],[-121.53871,39.71235]]]]},"properties":{"id":3449,"step":29,"cells":47,"cost":83215,"fuel_group":"timber_understory"}},{"type":"Feature","geometry":{"type":"Polygon","coordinates":[[[-121.51347,39.69886],[-121.51347,39.6994],[-121.51277,39.6994],[-121.51277,39.69994],[-121.51207,39.69994],[-121.51207,39.70048],[-121.51137,39.70048],[-121.51137,39.70102],[-121.51066,39.70102],[-121.51066,39.70156],[-121.50996,39.70156],[-121.50996,39.7021],[-121.50926,39.7021],[-121.50926,39.70264],[-121.50856,39.70264],[-121.50856,39.70318],[-121.50786,39.70318],[-121.50786,39.70372],[-121.50716,39.70372],[-121.50716,39.70426],[-121.50646,39.70426],[-121.50646,39.7048],[-121.50576,39.7048],[-121.50576,39.70534],[-121.50505,39.70534],[-121.50505,39.70588],[-121.50435,39.70588],[-121.50435,39.70642],[-121.50365,39.70642],[-121.50365,39.70696],[-121.50295,39.70696],[-121.50295,39.7075],[-121.50225,39.7075],[-121.50225,39.70804],[-121.50155,39.70804],[-121.50155,39.70858],[-121.50085,39.70858],[-121.50085,39.70912],[-121.50015,39.70912],[-121.50015,39.70965],[-121.49944,39.70965],[-121.49944,39.71019],[-121.49874,39.71019],[-121.49874,39.71073],[-121.49804,39.71073],[-121.49804,39.71127],[-121.49734,39.71127],[-121.49734,39.71073],[-121.49734,39.71019],[-121.49804,39.71019],[-121.49804,39.70965],[-121.49874,39.70965],[-121.49874,39.70912],[-121.49944,39.70912],[-121.49944,39.70858],[-121.50015,39.70858],[-121.50015,39.70804],[-121.50085,39.70804],[-121.50085,39.7075],[-121.50155,39.7075],[-121.50155,39.70696],[-121.50225,39.70696],[-121.50225,39.70642],[-121.50295,39.70642],[-121.50295,39.70588],[-121.50365,39.70588],[-121.50365,39.70534],[-121.50435,39.70534],[-121.50435,39.7048],[-121.50505,39.7048],[-121.50505,39.70426],[-121.50576,39.70426],[-121.50576,39.70372],[-121.50646,39.70372],[-121.50646,39.70318],[-121.50716,39.70318],[-121.50716,39.70264],[-121.50786,39.70264],[-121.50786,39.7021],[-121.50856,39.7021],[-121.50856,39.70156],[-121.50926,39.70156],[-121.50926,39.70102],[-121.50996,39.70102],[-121.50996,39.70048],[-121.51066,39.70048],[-121.51066,39.69994],[-121.51137,39.69994],[-121.51137,39.6994],[-121.51207,39.6994],[-121.51207,39.69886],[-121.51277,39.69886],[-121.51277,39.69832],[-121.51347,39.69832],[-121.51347,39.69779],[-121.51417,39.69779],[-121.51417,39.69832],[-121.51417,39.69886],[-121.51347,39.69886]]]},"properties":{"id":3878,"step":30,"cells":48,"cost":82770,"fuel_group":"timber_litter"}},{"type":"Feature","geometry":{"type":"MultiPolygon","coordinates":[[[[-121.50295,39.80723],[-121.50365,39.80723],[-121.50435,39.80723],[-121.50505,39.80723],[-121.50505,39.80777],[-121.50576,39.80777],[-121.50646,39.80777],[-121.50716,39.80777],[-121.50716,39.80831],[-121.50646,39.80831],[-121.50576,39.80831],[-121.50505,39.80831],[-121.50435,39.80831],[-121.50435,39.80777],[-121.50365,39.80777],[-121.50295,39.80777],[-121.50225,39.80777],[-121.50225,39.80723],[-121.50295,39.80723]]],[[[-121.49594,39.80723],[-121.49664,39.80723],[-121.49734,39.80723],[-121.49804,39.80723],[-121.49874,39.80723],[-121.49874,39.80777],[-121.49804,39.80777],[-121.49734,39.80777],[-121.49664,39.80777],[-121.49664,39.80831],[-121.49594,39.80831],[-121.49594,39.80777],[-121.49524,39.80777],[-121.49454,39.80777],[-121.49383,39.80777],[-121.49313,39.80777],[-121.49243,39.80777],[-121.49173,39.80777],[-121.49173,39.80831],[-121.49103,39.80831],[-121.49033,39.80831],[-121.48963,39.80831],[-121.48893,39.80831],[-121.48822,39.80831],[-121.48752,39.80831],[-121.48682,39.80831],[-121.48612,39.80831],[-121.48612,39.80777],[-121.48612,39.80723],[-121.48682,39.80723],[-121.48752,39.80723],[-121.48822,39.80723],[-121.48893,39.80723],[-121.48963,39.80723],[-121.49033,39.80723],[-121.49103,39.80723],[-121.49173,39.80723],[-121.49243,39.80723],[-121.49313,39.80723],[-121.49383,39.80723],[-121.49454,39.80723],[-121.49524,39.80723],[-121.49594,39.80723]]],[[[-121.50155,39.80723],[-121.50155,39.80777],[-121.50085,39.80777],[-121.50085,39.80723],[-121.50155,39.80723]]],[[[-121.50926,39.80777],[-121.50856,39.80777],[-121.50786,39.80777],[-121.50716,39.80777],[-121.50716,39.80723],[-121.50786,39.80723],[-121.50856,39.80723],[-121.50926,39.80723],[-121.50926,39.80777]]],[[[-121.49944,39.80831],[-121.49874,39.80831],[-121.49874,39.80777],[-121.49944,39.80777],[-121.49944,39.80831]]]]},"properties":{"id":927,"step":31,"cells":40,"cost":40940,"fuel_group":"grass"}},{"type":"Feature","geometry":{"type":"Polygon","coordinates":[[[-121.50996,39.77975],[-121.50926,39.77975],[-121.50926,39.78029],[-121.50856,39.78029],[-121.50856,39.78083],[-121.50786,39.78083],[-121.50786,39.78137],[-121.50716,39.78137],[-121.50716,39.7819],[-121.50646,39.7819],[-121.50646,39.78244],[-121.50576,39.78244],[-121.50576,39.78298],[-121.50505,39.78298],[-121.50505,39.78352],[-121.50435,39.78352],[-121.50435,39.78406],[-121.50365,39.78406],[-121.50365,39.7846],[-121.50295,39.7846],[-121.50295,39.78514],[-121.50225,39.78514],[-121.50225,39.78568],[-121.50155,39.78568],[-121.50155,39.78514],[-121.50155,39.7846],[-121.50225,39.7846],[-121.50225,39.78406],[-121.50295,39.78406],[-121.50295,39.78352],[-121.50365,39.78352],[-121.50365,39.78298],[-121.50435,39.78298],[-121.50435,39.78244],[-121.50505,39.78244],[-121.50505,39.7819],[-121.50576,39.7819],[-121.50576,39.78137],[-121.50646,39.78137],[-121.50646,39.78083],[-121.50716,39.78083],[-121.50716,39.78029],[-121.50786,39.78029],[-121.50786,39.77975],[-121.50856,39.77975],[-121.50856,39.77921],[-121.50926,39.77921],[-121.50926,39.77867],[-121.50996,39.77867],[-121.50996,39.77921],[-121.50996,39.77975]]]},"properties":{"id":1673,"step":32,"cells":24,"cost":33820,"fuel_group":"grass"}},{"type":"Feature","geometry":{"type":"MultiPolygon","coordinates":[[[[-121.44755,39.78837],[-121.44755,39.78891],[-121.44755,39.78945],[-121.44755,39.78999],[-121.44755,39.79053],[-121.44755,39.79107],[-121.44755,39.7916],[-121.44755,39.79214],[-121.44755,39.79268],[-121.44755,39.79322],[-121.44755,39.79376],[-121.44755,39.7943],[-121.44755,39.79484],[-121.44755,39.79538],[-121.44755,39.79591],[-121.44755,39.79645],[-121.44755,39.79699],[-121.44755,39.79753],[-121.44755,39.79807],[-121.44755,39.79861],[-121.44755,39.79915],[-121.44755,39.79969],[-121.44685,39.79969],[-121.44615,39.79969],[-121.44615,39.79915],[-121.44615,39.79861],[-121.44615,39.79807],[-121.44615,39.79753],[-121.44615,39.79699],[-121.44615,39.79645],[-121.44615,39.79591],[-121.44615,39.79538],[-121.44615,39.79484],[-121.44615,39.7943],[-121.44615,39.79376],[-121.44615,39.79322],[-121.44615,39.79268],[-121.44615,39.79214],[-121.44615,39.7916],[-121.44615,39.79107],[-121.44615,39.79053],[-121.44615,39.78999],[-121.44615,39.78945],[-121.44615,39.78891],[-121.44615,39.78837],[-121.44615,39.78783],[-121.44615,39.78729],[-121.44615,39.78675],[-121.44685,39.78675],[-121.44755,39.78675],[-121.44755,39.78729],[-121.44755,39.78783],[-121.44755,39.78837]]],[[[-121.44755,39.80076],[-121.44685,39.80076],[-121.44685,39.80022],[-121.44755,39.80022],[-121.44755,39.80076]]],[[[-121.44755,39.80184],[-121.44755,39.80238],[-121.44755,39.80292],[-121.44685,39.80292],[-121.44685,39.80346],[-121.44755,39.80346],[-121.44755,39.804],[-121.44685,39.804],[-121.44615,39.804],[-121.44615,39.80346],[-121.44615,39.80292],[-121.44615,39.80238],[-121.44615,39.80184],[-121.44615,39.8013],[-121.44615,39.80076],[-121.44685,39.80076],[-121.44685,39.8013],[-121.44685,39.80184],[-121.44755,39.80184]]]]},"properties":{"id":1347,"step":33,"cells":58,"cost":113030,"fuel_group":"timber_understory"}},{"type":"Feature","geometry":{"type":"Polygon","coordinates":[[[-121.52188,39.69886],[-121.52188,39.6994],[-121.52118,39.6994],[-121.52118,39.69994],[-121.52048,39.69994],[-121.52048,39.70048],[-121.51978,39.70048],[-121.51978,39.70102],[-121.51908,39.70102],[-121.51908,39.70156],[-121.51838,39.70156],[-121.51838,39.7021],[-121.51768,39.7021],[-121.51768,39.70264],[-121.51698,39.70264],[-121.51698,39.70318],[-121.51627,39.70318],[-121.51627,39.70372],[-121.51557,39.70372],[-121.51557,39.70426],[-121.51487,39.70426],[-121.51487,39.7048],[-121.51417,39.7048],[-121.51417,39.70534],[-121.51347,39.70534],[-121.51347,39.70588],[-121.51277,39.70588],[-121.51277,39.70642],[-121.51207,39.70642],[-121.51207,39.70696],[-121.51137,39.70696],[-121.51137,39.7075],[-121.51066,39.7075],[-121.51066,39.70804],[-121.50996,39.70804],[-121.50996,39.70858],[-121.50926,39.70858],[-121.50926,39.70912],[-121.50856,39.70912],[-121.50856,39.70965],[-121.50786,39.70965],[-121.50786,39.71019],[-121.50716,39.71019],[-121.50716,39.71073],[-121.50646,39.71073],[-121.50646,39.71127],[-121.50576,39.71127],[-121.50576,39.71073],[-121.50576,39.71019],[-121.50646,39.71019],[-121.50646,39.70965],[-121.50716,39.70965],[-121.50716,39.70912],[-121.50786,39.70912],[-121.50786,39.70858],[-121.50856,39.70858],[-121.50856,39.70804],[-121.50926,39.70804],[-121.50926,39.7075],[-121.50996,39.7075],[-121.50996,39.70696],[-121.51066,39.70696],[-121.51066,39.70642],[-121.51137,39.70642],[-121.51137,39.70588],[-121.51207,39.70588],[-121.51207,39.70534],[-121.51277,39.70534],[-121.51277,39.7048],[-121.51347,39.7048],[-121.51347,39.70426],[-121.51417,39.70426],[-121.51417,39.70372],[-121.51487,39.70372],[-121.51487,39.70318],[-121.51557,39.70318],[-121.51557,39.70264],[-121.51627,39.70264],[-121.51627,39.7021],[-121.51698,39.7021],[-121.51698,39.70156],[-121.51768,39.70156],[-121.51768,39.70102],[-121.51838,39.70102],[-121.51838,39.70048],[-121.51908,39.70048],[-121.51908,39.69994],[-121.51978,39.69994],[-121.51978,39.6994],[-121.52048,39.6994],[-121.52048,39.69886],[-121.52118,39.69886],[-121.52118,39.69832],[-121.52188,39.69832],[-121.52188,39.69779],[-121.52259,39.69779],[-121.52259,39.69832],[-121.52259,39.69886],[-121.52188,39.69886]]]},"properties":{"id":3870,"step":34,"cells":48,"cost":66750,"fuel_group":"grass"}},{"type":"Feature","geometry":{"type":"Polygon","coordinates":[[[-121.56746,39.71235],[-121.56817,39.71235],[-121.56817,39.71289],[-121.56887,39.71289],[-121.56887,39.71343],[-121.56957,39.71343],[-121.56957,39.71397],[-121.56957,39.71451],[-121.56887,39.71451],[-121.56887,39.71397],[-121.56817,39.71397],[-121.56817,39.71343],[-121.56746,39.71343],[-121.56746,39.71289],[-121.56676,39.71289],[-121.56676,39.71235],[-121.56606,39.71235],[-121.56606,39.71181],[-121.56536,39.71181],[-121.56536,39.71127],[-121.56466,39.71127],[-121.56466,39.71073],[-121.56396,39.71073],[-121.56396,39.71019],[-121.56326,39.71019],[-121.56326,39.70965],[-121.56256,39.70965],[-121.56256,39.70912],[-121.56185,39.70912],[-121.56185,39.70858],[-121.56256,39.70858],[-121.56326,39.70858],[-121.56326,39.70912],[-121.56396,39.70912],[-121.56396,39.70965],[-121.56466,39.70965],[-121.56466,39.71019],[-121.56536,39.71019],[-121.56536,39.71073],[-121.56606,39.71073],[-121.56606,39.71127],[-121.56676,39.71127],[-121.56676,39.71181],[-121.56746,39.71181],[-121.56746,39.71235]]]},"properties":{"id":3624,"step":35,"cells":21,"cost":38715,"fuel_group":"timber_litter"}},{"type":"Feature","geometry":{"type":"MultiPolygon","coordinates":[[[[-121.50646,39.80723],[-121.50576,39.80723],[-121.50505,39.80723],[-121.50505,39.80669],[-121.50505,39.80615],[-121.50505,39.80561],[-121.50576,39.80561],[-121.50646,39.80561],[-121.50646,39.80615],[-121.50646,39.80669],[-121.50646,39.80723]]],[[[-121.50576,39.80938],[-121.50576,39.80884],[-121.50505,39.80884],[-121.50505,39.80831],[-121.50505,39.80777],[-121.50576,39.80777],[-121.50646,39.80777],[-121.50646,39.80831],[-121.50646,39.80884],[-121.50646,39.80938],[-121.50576,39.80938]]],[[[-121.50646,39.81046],[-121.50646,39.811],[-121.50646,39.81154],[-121.50646,39.81208],[-121.50646,39.81261],[-121.50646,39.81315],[-121.50646,39.81369],[-121.50646,39.81423],[-121.50646,39.81477],[-121.50646,39.81531],[-121.50646,39.81585],[-121.50646,39.81639],[-121.50646,39.81692],[-121.50646,39.81746],[-121.50646,39.818],[-121.50646,39.81854],[-121.50646,39.81908],[-121.50646,39.81962],[-121.50646,39.82016],[-121.50646,39.82069],[-121.50646,39.82123],[-121.50646,39.82177],[-121.50646,39.82231],[-121.50646,39.82285],[-121.50646,39.82339],[-121.50576,39.82339],[-121.50505,39.82339],[-121.50505,39.82285],[-121.50505,39.82231],[-121.50505,39.82177],[-121.50505,39.82123],[-121.50505,39.82069],[-121.50505,39.82016],[-121.50505,39.81962],[-121.50505,39.81908],[-121.50505,39.81854],[-121.50505,39.818],[-121.50505,39.81746],[-121.50505,39.81692],[-121.50505,39.81639],[-121.50505,39.81585],[-121.50505,39.81531],[-121.50505,39.81477],[-121.50505,39.81423],[-121.50505,39.81369],[-121.50505,39.81315],[-121.50505,39.81261],[-121.50505,39.81208],[-121.50505,39.81154],[-121.50505,39.811],[-121.50576,39.811],[-121.50576,39.81046],[-121.50576,39.80992],[-121.50646,39.80992],[-121.50646,39.81046]]]]},"properties":{"id":747,"step":36,"cells":59,"cost":65415,"fuel_group":"grass"}},{"type":"Feature","geometry":{"type":"Polygon","coordinates":[[[-121.62497,39.76843],[-121.62567,39.76843],[-121.62637,39.76843],[-121.62707,39.76843],[-121.62777,39.76843],[-121.62847,39.76843],[-121.62917,39.76843],[-121.62988,39.76843],[-121.62988,39.76897],[-121.62988,39.76951],[-121.62917,39.76951],[-121.62847,39.76951],[-121.62777,39.76951],[-121.62707,39.76951],[-121.62637,39.76951],[-121.62567,39.76951],[-121.62497,39.76951],[-121.62427,39.76951],[-121.62356,39.76951],[-121.62286,39.76951],[-121.62216,39.76951],[-121.62146,39.76951],[-121.62076,39.76951],[-121.62006,39.76951],[-121.61936,39.76951],[-121.61866,39.76951],[-121.61795,39.76951],[-121.61795,39.76897],[-121.61795,39.76843],[-121.61866,39.76843],[-121.61936,39.76843],[-121.62006,39.76843],[-121.62076,39.76843],[-121.62146,39.76843],[-121.62216,39.76843],[-121.62286,39.76843],[-121.62356,39.76843],[-121.62427,39.76843],[-121.62497,39.76843]]]},"properties":{"id":1935,"step":37,"cells":34,"cost":74760,"fuel_group":"timber_litter"}},{"type":"Feature","geometry":{"type":"Polygon","coordinates":[[[-121.50646,39.82069],[-121.50646,39.82123],[-121.50646,39.82177],[-121.50646,39.82231],[-121.50646,39.82285],[-121.50646,39.82339],[-121.50646,39.82393],[-121.50646,39.82446],[-121.50646,39.825],[-121.50646,39.82554],[-121.50646,39.82608],[-121.50646,39.82662],[-121.50646,39.82716],[-121.50646,39.8277],[-121.50646,39.82823],[-121.50646,39.82877],[-121.50646,39.82931],[-121.50646,39.82985],[-121.50646,39.83039],[-121.50646,39.83093],[-121.50646,39.83147],[-121.50646,39.832],[-121.50646,39.83254],[-121.50646,39.83308],[-121.50646,39.83362],[-121.50646,39.83416],[-121.50646,39.8347],[-121.50646,39.83523],[-121.50646,39.83577],[-121.50646,39.83631],[-121.50576,39.83631],[-121.50505,39.83631],[-121.50505,39.83577],[-121.50505,39.83523],[-121.50505,39.8347],[-121.50505,39.83416],[-121.50505,39.83362],[-121.50505,39.83308],[-121.50505,39.83254],[-121.50505,39.832],[-121.50505,39.83147],[-121.50505,39.83093],[-121.50505,39.83039],[-121.50505,39.82985],[-121.50505,39.82931],[-121.50505,39.82877],[-121.50505,39.82823],[-121.50505,39.8277],[-121.50505,39.82716],[-121.50505,39.82662],[-121.50505,39.82608],[-121.50505,39.82554],[-121.50505,39.825],[-121.50505,39.82446],[-121.50505,39.82393],[-121.50505,39.82339],[-121.50505,39.82285],[-121.50505,39.82231],[-121.50505,39.82177],[-121.50505,39.82123],[-121.50505,39.82069],[-121.50505,39.82016],[-121.50505,39.81962],[-121.50505,39.81908],[-121.50505,39.81854],[-121.50576,39.81854],[-121.50646,39.81854],[-121.50646,39.81908],[-121.50646,39.81962],[-121.50646,39.82016],[-121.50646,39.82069]]]},"properties":{"id":424,"step":38,"cells":66,"cost":78320,"fuel_group":"grass"}},{"type":"Feature","geometry":{"type":"MultiPolygon","coordinates":[[[[-121.60744,39.76196],[-121.60744,39.7625],[-121.60744,39.76304],[-121.60744,39.76358],[-121.60744,39.76412],[-121.60744,39.76466],[-121.60744,39.7652],[-121.60744,39.76574],[-121.60744,39.76627],[-121.60744,39.76681],[-121.60744,39.76735],[-121.60744,39.76789],[-121.60744,39.76843],[-121.60673,39.76843],[-121.60673,39.76897],[-121.60744,39.76897],[-121.60744,39.76951],[-121.60744,39.77005],[-121.60673,39.77005],[-121.60603,39.77005],[-121.60603,39.76951],[-121.60603,39.76897],[-121.60603,39.76843],[-121.60603,39.76789],[-121.60603,39.76735],[-121.60603,39.76681],[-121.60603,39.76627],[-121.60603,39.76574],[-121.60603,39.7652],[-121.60603,39.76466],[-121.60603,39.76412],[-121.60603,39.76358],[-121.60603,39.76304],[-121.60603,39.7625],[-121.60603,39.76196],[-121.60603,39.76142],[-121.60603,39.76088],[-121.60603,39.76035],[-121.60673,39.76035],[-121.60744,39.76035],[-121.60744,39.76088],[-121.60744,39.76142],[-121.60744,39.76196]]],[[[-121.60673,39.77652],[-121.60673,39.77598],[-121.60603,39.77598],[-121.60603,39.77544],[-121.60603,39.7749],[-121.60603,39.77436],[-121.60603,39.77382],[-121.60603,39.77328],[-121.60603,39.77274],[-121.60603,39.7722],[-121.60603,39.77166],[-121.60603,39.77113],[-121.60603,39.77059],[-121.60673,39.77059],[-121.60673,39.77113],[-121.60744,39.77113],[-121.60744,39.77166],[-121.60744,39.7722],[-121.60744,39.77274],[-121.60744,39.77328],[-121.60744,39.77382],[-121.60744,39.77436],[-121.60744,39.7749],[-121.60744,39.77544],[-121.60744,39.77598],[-121.60744,39.77652],[-121.60673,39.77652]]],[[[-121.60744,39.77813],[-121.60673,39.77813],[-121.60673,39.77759],[-121.60744,39.77759],[-121.60744,39.77813]]]]},"properties":{"id":1950,"step":39,"cells":56,"cost":116590,"fuel_group":"timber_litter"}},{"type":"Feature","geometry":{"type":"Polygon","coordinates":[[[-121.43493,39.7916],[-121.43563,39.7916],[-121.43563,39.79214],[-121.43633,39.79214],[-121.43633,39.79268],[-121.43703,39.79268],[-121.43703,39.79322],[-121.43773,39.79322],[-121.43773,39.79376],[-121.43844,39.79376],[-121.43844,39.7943],[-121.43914,39.7943],[-121.43914,39.79484],[-121.43914,39.79538],[-121.43844,39.79538],[-121.43844,39.79484],[-121.43773,39.79484],[-121.43773,39.7943],[-121.43703,39.7943],[-121.43703,39.79376],[-121.43633,39.79376],[-121.43633,39.79322],[-121.43563,39.79322],[-121.43563,39.79268],[-121.43493,39.79268],[-121.43493,39.79214],[-121.43423,39.79214],[-121.43423,39.7916],[-121.43353,39.7916],[-121.43353,39.79107],[-121.43283,39.79107],[-121.43283,39.79053],[-121.43212,39.79053],[-121.43212,39.78999],[-121.43142,39.78999],[-121.43142,39.78945],[-121.43072,39.78945],[-121.43072,39.78891],[-121.43002,39.78891],[-121.43002,39.78837],[-121.42932,39.78837],[-121.42932,39.78783],[-121.42862,39.78783],[-121.42862,39.78729],[-121.42792,39.78729],[-121.42792,39.78675],[-121.42722,39.78675],[-121.42722,39.78622],[-121.42651,39.78622],[-121.42651,39.78568],[-121.42581,39.78568],[-121.42581,39.78514],[-121.42511,39.78514],[-121.42511,39.7846],[-121.42441,39.7846],[-121.42441,39.78406],[-121.42371,39.78406],[-121.42371,39.78352],[-121.42301,39.78352],[-121.42301,39.78298],[-121.42231,39.78298],[-121.42231,39.78244],[-121.42231,39.7819],[-121.42301,39.7819],[-121.42301,39.78244],[-121.42371,39.78244],[-121.42371,39.78298],[-121.42441,39.78298],[-121.42441,39.78352],[-121.42511,39.78352],[-121.42511,39.78406],[-121.42581,39.78406],[-121.42581,39.7846],[-121.42651,39.7846],[-121.42651,39.78514],[-121.42722,39.78514],[-121.42722,39.78568],[-121.42792,39.78568],[-121.42792,39.78622],[-121.42862,39.78622],[-121.42862,39.78675],[-121.42932,39.78675],[-121.42932,39.78729],[-121.43002,39.78729],[-121.43002,39.78783],[-121.43072,39.78783],[-121.43072,39.78837],[-121.43142,39.78837],[-121.43142,39.78891],[-121.43212,39.78891],[-121.43212,39.78945],[-121.43283,39.78945],[-121.43283,39.78999],[-121.43353,39.78999],[-121.43353,39.79053],[-121.43423,39.79053],[-121.43423,39.79107],[-121.43493,39.79107],[-121.43493,39.7916]]]},"properties":{"id":1556,"step":40,"cells":48,"cost":106800,"fuel_group":"timber_understory"}},{"type":"Feature","geometry":{"type":"Polygon","coordinates":[[[-121.50505,39.78298],[-121.50505,39.78352],[-121.50435,39.78352],[-121.50435,39.78406],[-121.50365,39.78406],[-121.50365,39.7846],[-121.50295,39.7846],[-121.50295,39.78514],[-121.50225,39.78514],[-121.50225,39.78568],[-121.50155,39.78568],[-121.50155,39.78622],[-121.50085,39.78622],[-121.50085,39.78675],[-121.50015,39.78675],[-121.50015,39.78729],[-121.49944,39.78729],[-121.49944,39.78783],[-121.49874,39.78783],[-121.49874,39.78837],[-121.49804,39.78837],[-121.49804,39.78891],[-121.49734,39.78891],[-121.49734,39.78945],[-121.49664,39.78945],[-121.49664,39.78999],[-121.49594,39.78999],[-121.49594,39.79053],[-121.49524,39.79053],[-121.49524,39.79107],[-121.49454,39.79107],[-121.49454,39.7916],[-121.49383,39.7916],[-121.49383,39.79214],[-121.49313,39.79214],[-121.49313,39.79268],[-121.49243,39.79268],[-121.49243,39.79322],[-121.49173,39.79322],[-121.49173,39.79376],[-121.49103,39.79376],[-121.49103,39.7943],[-121.49033,39.7943],[-121.49033,39.79484],[-121.48963,39.79484],[-121.48963,39.79538],[-121.48893,39.79538],[-121.48893,39.79484],[-121.48893,39.7943],[-121.48963,39.7943],[-121.48963,39.79376],[-121.49033,39.79376],[-121.49033,39.79322],[-121.49103,39.79322],[-121.49103,39.79268],[-121.49173,39.79268],[-121.49173,39.79214],[-121.49243,39.79214],[-121.49243,39.7916],[-121.49313,39.7916],[-121.49313,39.79107],[-121.49383,39.79107],[-121.49383,39.79053],[-121.49454,39.79053],[-121.49454,39.78999],[-121.49524,39.78999],[-121.49524,39.78945],[-121.49594,39.78945],[-121.49594,39.78891],[-121.49664,39.78891],[-121.49664,39.78837],[-121.49734,39.78837],[-121.49734,39.78783],[-121.49804,39.78783],[-121.49804,39.78729],[-121.49874,39.78729],[-121.49874,39.78675],[-121.49944,39.78675],[-121.49944,39.78622],[-121.50015,39.78622],[-121.50015,39.78568],[-121.50085,39.78568],[-121.50085,39.78514],[-121.50155,39.78514],[-121.50155,39.7846],[-121.50225,39.7846],[-121.50225,39.78406],[-121.50295,39.78406],[-121.50295,39.78352],[-121.50365,39.78352],[-121.50365,39.78298],[-121.50435,39.78298],[-121.50435,39.78244],[-121.50505,39.78244],[-121.50505,39.7819],[-121.50576,39.7819],[-121.50576,39.78244],[-121.50576,39.78298],[-121.50505,39.78298]]]},"properties":{"id":1494,"step":41,"cells":48,"cost":80990,"fuel_group":"timber_understory"}},{"type":"Feature","geometry":{"type":"MultiPolygon","coordinates":[[[[-121.56957,39.79107],[-121.56957,39.7916],[-121.57027,39.7916],[-121.57027,39.79214],[-121.57097,39.79214],[-121.57097,39.79268],[-121.57167,39.79268],[-121.57167,39.79322],[-121.57237,39.79322],[-121.57237,39.79376],[-121.57307,39.79376],[-121.57307,39.7943],[-121.57378,39.7943],[-121.57378,39.79484],[-121.57378,39.79538],[-121.57307,39.79538],[-121.57307,39.79484],[-121.57237,39.79484],[-121.57237,39.7943],[-121.57167,39.7943],[-121.57167,39.79376],[-121.57097,39.79376],[-121.57097,39.79322],[-121.57027,39.79322],[-121.57027,39.79268],[-121.56957,39.79268],[-121.56957,39.79214],[-121.56887,39.79214],[-121.56887,39.7916],[-121.56817,39.7916],[-121.56817,39.79107],[-121.56746,39.79107],[-121.56746,39.79053],[-121.56676,39.79053],[-121.56676,39.78999],[-121.56606,39.78999],[-121.56606,39.78945],[-121.56536,39.78945],[-121.56536,39.78891],[-121.56466,39.78891],[-121.56466,39.78837],[-121.56396,39.78837],[-121.56396,39.78783],[-121.56326,39.78783],[-121.56326,39.78729],[-121.56256,39.78729],[-121.56256,39.78675],[-121.56256,39.78622],[-121.56326,39.78622],[-121.56326,39.78675],[-121.56396,39.78675],[-121.56396,39.78729],[-121.56466,39.78729],[-121.56466,39.78783],[-121.56536,39.78783],[-121.56536,39.78837],[-121.56606,39.78837],[-121.56606,39.78891],[-121.56676,39.78891],[-121.56676,39.78945],[-121.56746,39.78945],[-121.56746,39.78999],[-121.56817,39.78999],[-121.56817,39.79053],[-121.56887,39.79053],[-121.56887,39.79107],[-121.56957,39.79107]]],[[[-121.55835,39.78298],[-121.55905,39.78298],[-121.55905,39.78352],[-121.55975,39.78352],[-121.55975,39.78406],[-121.56045,39.78406],[-121.56045,39.7846],[-121.56115,39.7846],[-121.56115,39.78514],[-121.56185,39.78514],[-121.56185,39.78568],[-121.56256,39.78568],[-121.56256,39.78622],[-121.56185,39.78622],[-121.56115,39.78622],[-121.56115,39.78568],[-121.56045,39.78568],[-121.56045,39.78514],[-121.55975,39.78514],[-121.55975,39.7846],[-121.55905,39.7846],[-121.55905,39.78406],[-121.55835,39.78406],[-121.55835,39.78352],[-121.55765,39.78352],[-121.55765,39.78298],[-121.55695,39.78298],[-121.55695,39.78244],[-121.55695,39.7819],[-121.55765,39.7819],[-121.55765,39.78244],[-121.55835,39.78244],[-121.55835,39.78298]]]]},"properties":{"id":1428,"step":42,"cells":47,"cost":93005,"fuel_group":"timber_understory"}},{"type":"Feature","geometry":{"type":"MultiPolygon","coordinates":[[[[-121.58149,39.74848],[-121.58079,39.74848],[-121.58079,39.74795],[-121.58079,39.74741],[-121.58149,39.74741],[-121.58219,39.74741],[-121.58219,39.74795],[-121.58219,39.74848],[-121.58149,39.74848]]],[[[-121.58219,39.7501],[-121.58219,39.75064],[-121.58219,39.75118],[-121.58219,39.75172],[-121.58219,39.75226],[-121.58219,39.7528],[-121.58219,39.75334],[-121.58219,39.75388],[-121.58219,39.75442],[-121.58149,39.75442],[-121.58149,39.75495],[-121.58219,39.75495],[-121.58219,39.75549],[-121.58149,39.75549],[-121.58149,39.75603],[-121.58219,39.75603],[-121.58219,39.75657],[-121.58219,39.75711],[-121.58219,39.75765],[-121.58219,39.75819],[-121.58219,39.75873],[-121.58149,39.75873],[-121.58149,39.75927],[-121.58079,39.75927],[-121.58079,39.75873],[-121.58079,39.75819],[-121.58079,39.75765],[-121.58079,39.75711],[-121.58079,39.75657],[-121.58079,39.75603],[-121.58079,39.75549],[-121.58079,39.75495],[-121.58079,39.75442],[-121.58079,39.75388],[-121.58079,39.75334],[-121.58149,39.75334],[-121.58149,39.7528],[-121.58149,39.75226],[-121.58149,39.75172],[-121.58149,39.75118],[-121.58149,39.75064],[-121.58079,39.75064],[-121.58079,39.7501],[-121.58079,39.74956],[-121.58149,39.74956],[-121.58149,39.74902],[-121.58219,39.74902],[-121.58219,39.74956],[-121.58219,39.7501]]],[[[-121.58149,39.76358],[-121.58149,39.76412],[-121.58149,39.76466],[-121.58149,39.7652],[-121.58079,39.7652],[-121.58079,39.76466],[-121.58079,39.76412],[-121.58079,39.76358],[-121.58079,39.76304],[-121.58079,39.7625],[-121.58079,39.76196],[-121.58079,39.76142],[-121.58079,39.76088],[-121.58079,39.76035],[-121.58149,39.76035],[-121.58219,39.76035],[-121.58219,39.76088],[-121.58219,39.76142],[-121.58219,39.76196],[-121.58219,39.7625],[-121.58219,39.76304],[-121.58219,39.76358],[-121.58149,39.76358]]]]},"properties":{"id":2281,"step":43,"cells":48,"cost":103240,"fuel_group":"timber_litter"}},{"type":"Feature","geometry":{"type":"Polygon","coordinates":[[[-121.52749,39.79807],[-121.5282,39.79807],[-121.5282,39.79861],[-121.5289,39.79861],[-121.5289,39.79915],[-121.5296,39.79915],[-121.5296,39.79969],[-121.5303,39.79969],[-121.5303,39.80022],[-121.531,39.80022],[-121.531,39.80076],[-121.5317,39.80076],[-121.5317,39.8013],[-121.5317,39.80184],[-121.531,39.80184],[-121.531,39.8013],[-121.5303,39.8013],[-121.5303,39.80076],[-121.5296,39.80076],[-121.5296,39.80022],[-121.5289,39.80022],[-121.5289,39.79969],[-121.5282,39.79969],[-121.5282,39.79915],[-121.52749,39.79915],[-121.52749,39.79861],[-121.52679,39.79861],[-121.52679,39.79807],[-121.52609,39.79807],[-121.52609,39.79753],[-121.52539,39.79753],[-121.52539,39.79699],[-121.52469,39.79699],[-121.52469,39.79645],[-121.52399,39.79645],[-121.52399,39.79591],[-121.52329,39.79591],[-121.52329,39.79538],[-121.52259,39.79538],[-121.52259,39.79484],[-121.52188,39.79484],[-121.52188,39.7943],[-121.52118,39.7943],[-121.52118,39.79376],[-121.52048,39.79376],[-121.52048,39.79322],[-121.51978,39.79322],[-121.51978,39.79268],[-121.51908,39.79268],[-121.51908,39.79214],[-121.51838,39.79214],[-121.51838,39.7916],[-121.51768,39.7916],[-121.51768,39.79107],[-121.51698,39.79107],[-121.51698,39.79053],[-121.51627,39.79053],[-121.51627,39.78999],[-121.51557,39.78999],[-121.51557,39.78945],[-121.51487,39.78945],[-121.51487,39.78891],[-121.51487,39.78837],[-121.51557,39.78837],[-121.51557,39.78891],[-121.51627,39.78891],[-121.51627,39.78945],[-121.51698,39.78945],[-121.51698,39.78999],[-121.51768,39.78999],[-121.51768,39.79053],[-121.51838,39.79053],[-121.51838,39.79107],[-121.51908,39.79107],[-121.51908,39.7916],[-121.51978,39.7916],[-121.51978,39.79214],[-121.52048,39.79214],[-121.52048,39.79268],[-121.52118,39.79268],[-121.52118,39.79322],[-121.52188,39.79322],[-121.52188,39.79376],[-121.52259,39.79376],[-121.52259,39.7943],[-121.52329,39.7943],[-121.52329,39.79484],[-121.52399,39.79484],[-121.52399,39.79538],[-121.52469,39.79538],[-121.52469,39.79591],[-121.52539,39.79591],[-121.52539,39.79645],[-121.52609,39.79645],[-121.52609,39.79699],[-121.52679,39.79699],[-121.52679,39.79753],[-121.52749,39.79753],[-121.52749,39.79807]]]},"properties":{"id":1277,"step":44,"cells":48,"cost":73870,"fuel_group":"timber_understory"}},{"type":"Feature","geometry":{"type":"Polygon","coordinates":[[[-121.55204,39.77975],[-121.55134,39.77975],[-121.55134,39.78029],[-121.55064,39.78029],[-121.55064,39.78083],[-121.54993,39.78083],[-121.54993,39.78137],[-121.54923,39.78137],[-121.54923,39.7819],[-121.54853,39.7819],[-121.54853,39.78244],[-121.54783,39.78244],[-121.54783,39.78298],[-121.54713,39.78298],[-121.54713,39.78352],[-121.54643,39.78352],[-121.54643,39.78406],[-121.54573,39.78406],[-121.54573,39.7846],[-121.54503,39.7846],[-121.54503,39.78514],[-121.54432,39.78514],[-121.54432,39.78568],[-121.54362,39.78568],[-121.54362,39.78514],[-121.54362,39.7846],[-121.54432,39.7846],[-121.54432,39.78406],[-121.54503,39.78406],[-121.54503,39.78352],[-121.54573,39.78352],[-121.54573,39.78298],[-121.54643,39.78298],[-121.54643,39.78244],[-121.54713,39.78244],[-121.54713,39.7819],[-121.54783,39.7819],[-121.54783,39.78137],[-121.54853,39.78137],[-121.54853,39.78083],[-121.54923,39.78083],[-121.54923,39.78029],[-121.54993,39.78029],[-121.54993,39.77975],[-121.55064,39.77975],[-121.55064,39.77921],[-121.55134,39.77921],[-121.55134,39.77867],[-121.55204,39.77867],[-121.55204,39.77921],[-121.55204,39.77975]]]},"properties":{"id":1633,"step":45,"cells":24,"cost":48060,"fuel_group":"timber_understory"}},{"type":"Feature","geometry":{"type":"MultiPolygon","coordinates":[[[[-121.44825,39.78244],[-121.44895,39.78244],[-121.44895,39.78298],[-121.44966,39.78298],[-121.44966,39.78352],[-121.44966,39.78406],[-121.44895,39.78406],[-121.44895,39.78352],[-121.44825,39.78352],[-121.44825,39.78298],[-121.44755,39.78298],[-121.44755,39.78244],[-121.44685,39.78244],[-121.44685,39.7819],[-121.44755,39.7819],[-121.44825,39.7819],[-121.44825,39.78244]]],[[[-121.45176,39.7846],[-121.45176,39.78514],[-121.45176,39.78568],[-121.45106,39.78568],[-121.45106,39.78514],[-121.45036,39.78514],[-121.45036,39.7846],[-121.45036,39.78406],[-121.45106,39.78406],[-121.45106,39.7846],[-121.45176,39.7846]]],[[[-121.44545,39.78029],[-121.44615,39.78029],[-121.44615,39.78083],[-121.44685,39.78083],[-121.44685,39.78137],[-121.44685,39.7819],[-121.44615,39.7819],[-121.44615,39.78137],[-121.44545,39.78137],[-121.44545,39.78083],[-121.44475,39.78083],[-121.44475,39.78029],[-121.44405,39.78029],[-121.44405,39.77975],[-121.44405,39.77921],[-121.44475,39.77921],[-121.44475,39.77975],[-121.44545,39.77975],[-121.44545,39.78029]]]]},"properties":{"id":1727,"step":46,"cells":19,"cost":36935,"fuel_group":"timber_litter"}},{"type":"Feature","geometry":{"type":"MultiPolygon","coordinates":[[[[-121.60673,39.76951],[-121.60673,39.76897],[-121.60744,39.76897],[-121.60744,39.76951],[-121.60673,39.76951]]],[[[-121.60884,39.76951],[-121.60884,39.77005],[-121.60814,39.77005],[-121.60744,39.77005],[-121.60744,39.76951],[-121.60814,39.76951],[-121.60884,39.76951]]],[[[-121.60954,39.77059],[-121.61024,39.77059],[-121.61024,39.77113],[-121.61024,39.77166],[-121.60954,39.77166],[-121.60954,39.77113],[-121.60884,39.77113],[-121.60884,39.77059],[-121.60954,39.77059]]],[[[-121.61305,39.77274],[-121.61305,39.77328],[-121.61375,39.77328],[-121.61375,39.77382],[-121.61445,39.77382],[-121.61445,39.77436],[-121.61515,39.77436],[-121.61515,39.7749],[-121.61515,39.77544],[-121.61445,39.77544],[-121.61445,39.7749],[-121.61375,39.7749],[-121.61375,39.77436],[-121.61305,39.77436],[-121.61305,39.77382],[-121.61234,39.77382],[-121.61234,39.77328],[-121.61164,39.77328],[-121.61164,39.77274],[-121.61164,39.7722],[-121.61234,39.7722],[-121.61234,39.77274],[-121.61305,39.77274]]],[[[-121.61585,39.77598],[-121.61515,39.77598],[-121.61515,39.77544],[-121.61585,39.77544],[-121.61585,39.77598]]],[[[-121.60042,39.76358],[-121.60042,39.76412],[-121.59972,39.76412],[-121.59972,39.76358],[-121.59902,39.76358],[-121.59902,39.76304],[-121.59902,39.7625],[-121.59972,39.7625],[-121.59972,39.76304],[-121.60042,39.76304],[-121.60042,39.76358]]],[[[-121.60183,39.76466],[-121.60183,39.7652],[-121.60112,39.7652],[-121.60112,39.76466],[-121.60042,39.76466],[-121.60042,39.76412],[-121.60112,39.76412],[-121.60183,39.76412],[-121.60183,39.76466]]],[[[-121.60323,39.7652],[-121.60323,39.76574],[-121.60393,39.76574],[-121.60393,39.76627],[-121.60463,39.76627],[-121.60463,39.76681],[-121.60393,39.76681],[-121.60323,39.76681],[-121.60323,39.76627],[-121.60253,39.76627],[-121.60253,39.76574],[-121.60253,39.7652],[-121.60323,39.7652]]],[[[-121.60463,39.76735],[-121.60463,39.76681],[-121.60533,39.76681],[-121.60533,39.76735],[-121.60463,39.76735]]],[[[-121.60673,39.76897],[-121.60603,39.76897],[-121.60603,39.76843],[-121.60533,39.76843],[-121.60533,39.76789],[-121.60533,39.76735],[-121.60603,39.76735],[-121.60603,39.76789],[-121.60673,39.76789],[-121.60673,39.76843],[-121.60673,39.76897]]]]},"properties":{"id":1951,"step":47,"cells":34,"cost":70310,"fuel_group":"timber_litter"}},{"type":"Feature","geometry":{"type":"Polygon","coordinates":[[[-121.46859,39.73986],[-121.46929,39.73986],[-121.46929,39.7404],[-121.46999,39.7404],[-121.46999,39.74094],[-121.47069,39.74094],[-121.47069,39.74148],[-121.47139,39.74148],[-121.47139,39.74201],[-121.4721,39.74201],[-121.4721,39.74255],[-121.4728,39.74255],[-121.4728,39.74309],[-121.4728,39.74363],[-121.4721,39.74363],[-121.4721,39.74309],[-121.47139,39.74309],[-121.47139,39.74255],[-121.47069,39.74255],[-121.47069,39.74201],[-121.46999,39.74201],[-121.46999,39.74148],[-121.46929,39.74148],[-121.46929,39.74094],[-121.46859,39.74094],[-121.46859,39.7404],[-121.46789,39.7404],[-121.46789,39.73986],[-121.46719,39.73986],[-121.46719,39.73932],[-121.46649,39.73932],[-121.46649,39.73878],[-121.46578,39.73878],[-121.46578,39.73824],[-121.46508,39.73824],[-121.46508,39.7377],[-121.46438,39.7377],[-121.46438,39.73716],[-121.46368,39.73716],[-121.46368,39.73662],[-121.46298,39.73662],[-121.46298,39.73608],[-121.46228,39.73608],[-121.46228,39.73554],[-121.46158,39.73554],[-121.46158,39.735],[-121.46088,39.735],[-121.46088,39.73447],[-121.46017,39.73447],[-121.46017,39.73393],[-121.45947,39.73393],[-121.45947,39.73339],[-121.45877,39.73339],[-121.45877,39.73285],[-121.45807,39.73285],[-121.45807,39.73231],[-121.45737,39.73231],[-121.45737,39.73177],[-121.45667,39.73177],[-121.45667,39.73123],[-121.45597,39.73123],[-121.45597,39.73069],[-121.45597,39.73015],[-121.45667,39.73015],[-121.45667,39.73069],[-121.45737,39.73069],[-121.45737,39.73123],[-121.45807,39.73123],[-121.45807,39.73177],[-121.45877,39.73177],[-121.45877,39.73231],[-121.45947,39.73231],[-121.45947,39.73285],[-121.46017,39.73285],[-121.46017,39.73339],[-121.46088,39.73339],[-121.46088,39.73393],[-121.46158,39.73393],[-121.46158,39.73447],[-121.46228,39.73447],[-121.46228,39.735],[-121.46298,39.735],[-121.46298,39.73554],[-121.46368,39.73554],[-121.46368,39.73608],[-121.46438,39.73608],[-121.46438,39.73662],[-121.46508,39.73662],[-121.46508,39.73716],[-121.46578,39.73716],[-121.46578,39.7377],[-121.46649,39.7377],[-121.46649,39.73824],[-121.46719,39.73824],[-121.46719,39.73878],[-121.46789,39.73878],[-121.46789,39.73932],[-121.46859,39.73932],[-121.46859,39.73986]]]},"properties":{"id":2875,"step":48,"cells":48,"cost":106800,"fuel_group":"timber_understory"}},{"type":"Feature","geometry":{"type":"MultiPolygon","coordinates":[[[[-121.57518,39.78298],[-121.57588,39.78298],[-121.57588,39.78352],[-121.57658,39.78352],[-121.57658,39.78406],[-121.57728,39.78406],[-121.57728,39.7846],[-121.57658,39.7846],[-121.57588,39.7846],[-121.57588,39.78406],[-121.57518,39.78406],[-121.57518,39.78352],[-121.57448,39.78352],[-121.57448,39.78298],[-121.57378,39.78298],[-121.57378,39.78244],[-121.57307,39.78244],[-121.57307,39.7819],[-121.57237,39.7819],[-121.57237,39.78137],[-121.57237,39.78083],[-121.57307,39.78083],[-121.57307,39.78137],[-121.57378,39.78137],[-121.57378,39.7819],[-121.57448,39.7819],[-121.57448,39.78244],[-121.57518,39.78244],[-121.57518,39.78298]]],[[[-121.57728,39.7846],[-121.57798,39.7846],[-121.57798,39.78514],[-121.57728,39.78514],[-121.57728,39.7846]]],[[[-121.57097,39.77975],[-121.57167,39.77975],[-121.57167,39.78029],[-121.57237,39.78029],[-121.57237,39.78083],[-121.57167,39.78083],[-121.57097,39.78083],[-121.57097,39.78029],[-121.57027,39.78029],[-121.57027,39.77975],[-121.56957,39.77975],[-121.56957,39.77921],[-121.56957,39.77867],[-121.57027,39.77867],[-121.57027,39.77921],[-121.57097,39.77921],[-121.57097,39.77975]]]]},"properties":{"id":1607,"step":49,"cells":21,"cost":40495,"fuel_group":"timber_litter"}},{"type":"Feature","geometry":{"type":"MultiPolygon","coordinates":[[[[-121.57378,39.74902],[-121.57378,39.74956],[-121.57378,39.7501],[-121.57378,39.75064],[-121.57378,39.75118],[-121.57378,39.75172],[-121.57378,39.75226],[-121.57378,39.7528],[-121.57378,39.75334],[-121.57378,39.75388],[-121.57378,39.75442],[-121.57378,39.75495],[-121.57378,39.75549],[-121.57378,39.75603],[-121.57378,39.75657],[-121.57378,39.75711],[-121.57378,39.75765],[-121.57378,39.75819],[-121.57378,39.75873],[-121.57378,39.75927],[-121.57378,39.75981],[-121.57378,39.76035],[-121.57307,39.76035],[-121.57307,39.75981],[-121.57237,39.75981],[-121.57237,39.75927],[-121.57237,39.75873],[-121.57307,39.75873],[-121.57307,39.75819],[-121.57307,39.75765],[-121.57307,39.75711],[-121.57307,39.75657],[-121.57307,39.75603],[-121.57307,39.75549],[-121.57237,39.75549],[-121.57237,39.75495],[-121.57307,39.75495],[-121.57307,39.75442],[-121.57237,39.75442],[-121.57237,39.75388],[-121.57237,39.75334],[-121.57237,39.7528],[-121.57237,39.75226],[-121.57237,39.75172],[-121.57237,39.75118],[-121.57307,39.75118],[-121.57307,39.75064],[-121.57237,39.75064],[-121.57237,39.7501],[-121.57237,39.74956],[-121.57237,39.74902],[-121.57237,39.74848],[-121.57237,39.74795],[-121.57307,39.74795],[-121.57307,39.74741],[-121.57378,39.74741],[-121.57378,39.74795],[-121.57378,39.74848],[-121.57378,39.74902]]],[[[-121.57378,39.76412],[-121.57378,39.76466],[-121.57307,39.76466],[-121.57307,39.7652],[-121.57237,39.7652],[-121.57237,39.76466],[-121.57237,39.76412],[-121.57237,39.76358],[-121.57237,39.76304],[-121.57307,39.76304],[-121.57307,39.7625],[-121.57237,39.7625],[-121.57237,39.76196],[-121.57237,39.76142],[-121.57237,39.76088],[-121.57307,39.76088],[-121.57378,39.76088],[-121.57378,39.76142],[-121.57378,39.76196],[-121.57378,39.7625],[-121.57378,39.76304],[-121.57378,39.76358],[-121.57378,39.76412]]]]},"properties":{"id":2289,"step":50,"cells":52,"cost":115700,"fuel_group":"timber_litter"}},{"type":"Feature","geometry":{"type":"MultiPolygon","coordinates":[[[[-121.52749,39.81692],[-121.52749,39.81746],[-121.5282,39.81746],[-121.5282,39.818],[-121.5289,39.818],[-121.5289,39.81854],[-121.5296,39.81854],[-121.5296,39.81908],[-121.5303,39.81908],[-121.5303,39.81962],[-121.531,39.81962],[-121.531,39.82016],[-121.5317,39.82016],[-121.5317,39.82069],[-121.5317,39.82123],[-121.531,39.82123],[-121.531,39.82069],[-121.5303,39.82069],[-121.5303,39.82016],[-121.5296,39.82016],[-121.5296,39.81962],[-121.5289,39.81962],[-121.5289,39.81908],[-121.5282,39.81908],[-121.5282,39.81854],[-121.52749,39.81854],[-121.52749,39.818],[-121.52679,39.818],[-121.52679,39.81746],[-121.52609,39.81746],[-121.52609,39.81692],[-121.52539,39.81692],[-121.52539,39.81639],[-121.52469,39.81639],[-121.52469,39.81585],[-121.52399,39.81585],[-121.52399,39.81531],[-121.52329,39.81531],[-121.52329,39.81477],[-121.52259,39.81477],[-121.52259,39.81423],[-121.52188,39.81423],[-121.52188,39.81369],[-121.52118,39.81369],[-121.52118,39.81315],[-121.52048,39.81315],[-121.52048,39.81261],[-121.51978,39.81261],[-121.51978,39.81208],[-121.51908,39.81208],[-121.51908,39.81154],[-121.51838,39.81154],[-121.51838,39.811],[-121.51908,39.811],[-121.51978,39.811],[-121.51978,39.81154],[-121.52048,39.81154],[-121.52048,39.81208],[-121.52118,39.81208],[-121.52118,39.81261],[-121.52188,39.81261],[-121.52188,39.81315],[-121.52259,39.81315],[-121.52259,39.81369],[-121.52329,39.81369],[-121.52329,39.81423],[-121.52399,39.81423],[-121.52399,39.81477],[-121.52469,39.81477],[-121.52469,39.81531],[-121.52539,39.81531],[-121.52539,39.81585],[-121.52609,39.81585],[-121.52609,39.81639],[-121.52679,39.81639],[-121.52679,39.81692],[-121.52749,39.81692]]],[[[-121.51557,39.80777],[-121.51557,39.80831],[-121.51627,39.80831],[-121.51627,39.80884],[-121.51698,39.80884],[-121.51698,39.80938],[-121.51768,39.80938],[-121.51768,39.80992],[-121.51838,39.80992],[-121.51838,39.81046],[-121.51768,39.81046],[-121.51698,39.81046],[-121.51698,39.80992],[-121.51627,39.80992],[-121.51627,39.80938],[-121.51557,39.80938],[-121.51557,39.80884],[-121.51487,39.80884],[-121.51487,39.80831],[-121.51487,39.80777],[-121.51557,39.80777]]]]},"properties":{"id":733,"step":51,"cells":46,"cost":73870,"fuel_group":"timber_understory"}},{"type":"Feature","geometry":{"type":"MultiPolygon","coordinates":[[[[-121.44194,39.78352],[-121.44194,39.78406],[-121.44264,39.78406],[-121.44264,39.7846],[-121.44334,39.7846],[-121.44334,39.78514],[-121.44405,39.78514],[-121.44405,39.78568],[-121.44405,39.78622],[-121.44334,39.78622],[-121.44334,39.78568],[-121.44264,39.78568],[-121.44264,39.78514],[-121.44194,39.78514],[-121.44194,39.7846],[-121.44124,39.7846],[-121.44124,39.78406],[-121.44054,39.78406],[-121.44054,39.78352],[-121.43984,39.78352],[-121.43984,39.78298],[-121.43914,39.78298],[-121.43914,39.78244],[-121.43844,39.78244],[-121.43844,39.7819],[-121.43773,39.7819],[-121.43773,39.78137],[-121.43703,39.78137],[-121.43703,39.78083],[-121.43633,39.78083],[-121.43633,39.78029],[-121.43563,39.78029],[-121.43563,39.77975],[-121.43493,39.77975],[-121.43493,39.77921],[-121.43423,39.77921],[-121.43423,39.77867],[-121.43353,39.77867],[-121.43353,39.77813],[-121.43283,39.77813],[-121.43283,39.77759],[-121.43212,39.77759],[-121.43212,39.77705],[-121.43142,39.77705],[-121.43142,39.77652],[-121.43072,39.77652],[-121.43072,39.77598],[-121.43072,39.77544],[-121.43142,39.77544],[-121.43142,39.77598],[-121.43212,39.77598],[-121.43212,39.77652],[-121.43283,39.77652],[-121.43283,39.77705],[-121.43353,39.77705],[-121.43353,39.77759],[-121.43423,39.77759],[-121.43423,39.77813],[-121.43493,39.77813],[-121.43493,39.77867],[-121.43563,39.77867],[-121.43563,39.77921],[-121.43633,39.77921],[-121.43633,39.77975],[-121.43703,39.77975],[-121.43703,39.78029],[-121.43773,39.78029],[-121.43773,39.78083],[-121.43844,39.78083],[-121.43844,39.78137],[-121.43914,39.78137],[-121.43914,39.7819],[-121.43984,39.7819],[-121.43984,39.78244],[-121.44054,39.78244],[-121.44054,39.78298],[-121.44124,39.78298],[-121.44124,39.78352],[-121.44194,39.78352]]],[[[-121.44615,39.78729],[-121.44685,39.78729],[-121.44685,39.78783],[-121.44755,39.78783],[-121.44755,39.78837],[-121.44755,39.78891],[-121.44685,39.78891],[-121.44685,39.78837],[-121.44615,39.78837],[-121.44615,39.78783],[-121.44545,39.78783],[-121.44545,39.78729],[-121.44475,39.78729],[-121.44475,39.78675],[-121.44405,39.78675],[-121.44405,39.78622],[-121.44475,39.78622],[-121.44545,39.78622],[-121.44545,39.78675],[-121.44615,39.78675],[-121.44615,39.78729]]]]},"properties":{"id":1736,"step":52,"cells":47,"cost":101015,"fuel_group":"timber_understory"}},{"type":"Feature","geometry":{"type":"Polygon","coordinates":[[[-121.55134,39.79538],[-121.55064,39.79538],[-121.54993,39.79538],[-121.54923,39.79538],[-121.54853,39.79538],[-121.54783,39.79538],[-121.54713,39.79538],[-121.54643,39.79538],[-121.54573,39.79538],[-121.54503,39.79538],[-121.54432,39.79538],[-121.54362,39.79538],[-121.54292,39.79538],[-121.54222,39.79538],[-121.54152,39.79538],[-121.54082,39.79538],[-121.54012,39.79538],[-121.53942,39.79538],[-121.53871,39.79538],[-121.53801,39.79538],[-121.53731,39.79538],[-121.53661,39.79538],[-121.53591,39.79538],[-121.53521,39.79538],[-121.53451,39.79538],[-121.53381,39.79538],[-121.5331,39.79538],[-121.5324,39.79538],[-121.5317,39.79538],[-121.531,39.79538],[-121.5303,39.79538],[-121.5296,39.79538],[-121.5289,39.79538],[-121.5282,39.79538],[-121.5282,39.79484],[-121.5282,39.7943],[-121.5289,39.7943],[-121.5296,39.7943],[-121.5303,39.7943],[-121.531,39.7943],[-121.5317,39.7943],[-121.5324,39.7943],[-121.5331,39.7943],[-121.53381,39.7943],[-121.53451,39.7943],[-121.53521,39.7943],[-121.53591,39.7943],[-121.53661,39.7943],[-121.53731,39.7943],[-121.53801,39.7943],[-121.53871,39.7943],[-121.53942,39.7943],[-121.54012,39.7943],[-121.54082,39.7943],[-121.54152,39.7943],[-121.54222,39.7943],[-121.54292,39.7943],[-121.54362,39.7943],[-121.54432,39.7943],[-121.54503,39.7943],[-121.54573,39.7943],[-121.54643,39.7943],[-121.54713,39.7943],[-121.54783,39.7943],[-121.54853,39.7943],[-121.54923,39.7943],[-121.54993,39.7943],[-121.55064,39.7943],[-121.55134,39.7943],[-121.55134,39.79484],[-121.55134,39.79538]]]},"properties":{"id":1260,"step":53,"cells":66,"cost":90780,"fuel_group":"shrub"}},{"type":"Feature","geometry":{"type":"MultiPolygon","coordinates":[[[[-121.66494,39.72476],[-121.66494,39.7253],[-121.66424,39.7253],[-121.66424,39.72584],[-121.66354,39.72584],[-121.66354,39.72638],[-121.66283,39.72638],[-121.66283,39.72692],[-121.66213,39.72692],[-121.66213,39.72745],[-121.66143,39.72745],[-121.66143,39.72799],[-121.66073,39.72799],[-121.66073,39.72853],[-121.66003,39.72853],[-121.66003,39.72907],[-121.65933,39.72907],[-121.65933,39.72961],[-121.65863,39.72961],[-121.65863,39.73015],[-121.65793,39.73015],[-121.65793,39.73069],[-121.65722,39.73069],[-121.65722,39.73123],[-121.65652,39.73123],[-121.65652,39.73177],[-121.65582,39.73177],[-121.65582,39.73231],[-121.65512,39.73231],[-121.65442,39.73231],[-121.65442,39.73177],[-121.65512,39.73177],[-121.65512,39.73123],[-121.65582,39.73123],[-121.65582,39.73069],[-121.65652,39.73069],[-121.65652,39.73015],[-121.65722,39.73015],[-121.65722,39.72961],[-121.65793,39.72961],[-121.65793,39.72907],[-121.65863,39.72907],[-121.65863,39.72853],[-121.65933,39.72853],[-121.65933,39.72799],[-121.66003,39.72799],[-121.66003,39.72745],[-121.66073,39.72745],[-121.66073,39.72692],[-121.66143,39.72692],[-121.66143,39.72638],[-121.66213,39.72638],[-121.66213,39.72584],[-121.66283,39.72584],[-121.66283,39.7253],[-121.66354,39.7253],[-121.66354,39.72476],[-121.66424,39.72476],[-121.66424,39.72422],[-121.66494,39.72422],[-121.66494,39.72368],[-121.66564,39.72368],[-121.66564,39.72422],[-121.66564,39.72476],[-121.66494,39.72476]]],[[[-121.65442,39.73285],[-121.65372,39.73285],[-121.65372,39.73231],[-121.65442,39.73231],[-121.65442,39.73285]]],[[[-121.65302,39.73393],[-121.65232,39.73393],[-121.65232,39.73339],[-121.65302,39.73339],[-121.65372,39.73339],[-121.65372,39.73393],[-121.65302,39.73393]]],[[[-121.65091,39.73447],[-121.65161,39.73447],[-121.65232,39.73447],[-121.65232,39.735],[-121.65161,39.735],[-121.65091,39.735],[-121.65091,39.73447]]],[[[-121.65021,39.73554],[-121.65091,39.73554],[-121.65091,39.73608],[-121.65021,39.73608],[-121.64951,39.73608],[-121.64951,39.73554],[-121.65021,39.73554]]]]},"properties":{"id":2891,"step":54,"cells":38,"cost":38270,"fuel_group":"grass"}},{"type":"Feature","geometry":{"type":"Polygon","coordinates":[[[-121.43423,39.78622],[-121.43353,39.78622],[-121.43353,39.78675],[-121.43283,39.78675],[-121.43283,39.78729],[-121.43212,39.78729],[-121.43212,39.78783],[-121.43142,39.78783],[-121.43142,39.78837],[-121.43072,39.78837],[-121.43072,39.78891],[-121.43002,39.78891],[-121.43002,39.78945],[-121.42932,39.78945],[-121.42932,39.78999],[-121.42862,39.78999],[-121.42862,39.79053],[-121.42792,39.79053],[-121.42792,39.79107],[-121.42722,39.79107],[-121.42722,39.7916],[-121.42651,39.7916],[-121.42651,39.79214],[-121.42581,39.79214],[-121.42581,39.7916],[-121.42581,39.79107],[-121.42651,39.79107],[-121.42651,39.79053],[-121.42722,39.79053],[-121.42722,39.78999],[-121.42792,39.78999],[-121.42792,39.78945],[-121.42862,39.78945],[-121.42862,39.78891],[-121.42932,39.78891],[-121.42932,39.78837],[-121.43002,39.78837],[-121.43002,39.78783],[-121.43072,39.78783],[-121.43072,39.78729],[-121.43142,39.78729],[-121.43142,39.78675],[-121.43212,39.78675],[-121.43212,39.78622],[-121.43283,39.78622],[-121.43283,39.78568],[-121.43353,39.78568],[-121.43353,39.78514],[-121.43423,39.78514],[-121.43423,39.78568],[-121.43423,39.78622]]]},"properties":{"id":1557,"step":55,"cells":24,"cost":53400,"fuel_group":"timber_understory"}},{"type":"Feature","geometry":{"type":"MultiPolygon","coordinates":[[[[-121.62286,39.75603],[-121.62356,39.75603],[-121.62356,39.75657],[-121.62286,39.75657],[-121.62286,39.75603]]],[[[-121.62286,39.75711],[-121.62216,39.75711],[-121.62216,39.75657],[-121.62286,39.75657],[-121.62286,39.75711]]],[[[-121.62146,39.75819],[-121.62076,39.75819],[-121.62076,39.75765],[-121.62146,39.75765],[-121.62146,39.75711],[-121.62216,39.75711],[-121.62216,39.75765],[-121.62216,39.75819],[-121.62146,39.75819]]],[[[-121.61725,39.76196],[-121.61655,39.76196],[-121.61655,39.7625],[-121.61585,39.7625],[-121.61585,39.76304],[-121.61515,39.76304],[-121.61515,39.76358],[-121.61445,39.76358],[-121.61445,39.76304],[-121.61445,39.7625],[-121.61515,39.7625],[-121.61515,39.76196],[-121.61585,39.76196],[-121.61585,39.76142],[-121.61655,39.76142],[-121.61655,39.76088],[-121.61725,39.76088],[-121.61725,39.76035],[-121.61795,39.76035],[-121.61795,39.76088],[-121.61795,39.76142],[-121.61725,39.76142],[-121.61725,39.76196]]],[[[-121.61445,39.76412],[-121.61375,39.76412],[-121.61375,39.76358],[-121.61445,39.76358],[-121.61445,39.76412]]],[[[-121.61164,39.76574],[-121.61164,39.76627],[-121.61094,39.76627],[-121.61094,39.76681],[-121.61024,39.76681],[-121.61024,39.76735],[-121.60954,39.76735],[-121.60954,39.76789],[-121.60884,39.76789],[-121.60884,39.76843],[-121.60814,39.76843],[-121.60814,39.76897],[-121.60744,39.76897],[-121.60744,39.76843],[-121.60744,39.76789],[-121.60814,39.76789],[-121.60814,39.76735],[-121.60884,39.76735],[-121.60884,39.76681],[-121.60954,39.76681],[-121.60954,39.76627],[-121.61024,39.76627],[-121.61024,39.76574],[-121.61094,39.76574],[-121.61094,39.7652],[-121.61164,39.7652],[-121.61164,39.76466],[-121.61234,39.76466],[-121.61305,39.76466],[-121.61305,39.7652],[-121.61234,39.7652],[-121.61234,39.76574],[-121.61164,39.76574]]],[[[-121.60744,39.76951],[-121.60673,39.76951],[-121.60673,39.76897],[-121.60744,39.76897],[-121.60744,39.76951]]]]},"properties":{"id":2104,"step":56,"cells":32,"cost":64080,"fuel_group":"timber_litter"}},{"type":"Feature","geometry":{"type":"Polygon","coordinates":[[[-121.53871,39.78298],[-121.53871,39.78352],[-121.53801,39.78352],[-121.53801,39.78406],[-121.53731,39.78406],[-121.53731,39.7846],[-121.53661,39.7846],[-121.53661,39.78514],[-121.53591,39.78514],[-121.53591,39.78568],[-121.53521,39.78568],[-121.53521,39.78622],[-121.53451,39.78622],[-121.53451,39.78675],[-121.53381,39.78675],[-121.53381,39.78729],[-121.5331,39.78729],[-121.5331,39.78783],[-121.5324,39.78783],[-121.5324,39.78837],[-121.5317,39.78837],[-121.5317,39.78891],[-121.531,39.78891],[-121.531,39.78945],[-121.5303,39.78945],[-121.5303,39.78999],[-121.5296,39.78999],[-121.5296,39.79053],[-121.5289,39.79053],[-121.5289,39.79107],[-121.5282,39.79107],[-121.5282,39.7916],[-121.52749,39.7916],[-121.52749,39.79214],[-121.52679,39.79214],[-121.52679,39.79268],[-121.52609,39.79268],[-121.52609,39.79322],[-121.52539,39.79322],[-121.52539,39.79376],[-121.52469,39.79376],[-121.52469,39.7943],[-121.52399,39.7943],[-121.52399,39.79484],[-121.52329,39.79484],[-121.52329,39.79538],[-121.52259,39.79538],[-121.52259,39.79484],[-121.52259,39.7943],[-121.52329,39.7943],[-121.52329,39.79376],[-121.52399,39.79376],[-121.52399,39.79322],[-121.52469,39.79322],[-121.52469,39.79268],[-121.52539,39.79268],[-121.52539,39.79214],[-121.52609,39.79214],[-121.52609,39.7916],[-121.52679,39.7916],[-121.52679,39.79107],[-121.52749,39.79107],[-121.52749,39.79053],[-121.5282,39.79053],[-121.5282,39.78999],[-121.5289,39.78999],[-121.5289,39.78945],[-121.5296,39.78945],[-121.5296,39.78891],[-121.5303,39.78891],[-121.5303,39.78837],[-121.531,39.78837],[-121.531,39.78783],[-121.5317,39.78783],[-121.5317,39.78729],[-121.5324,39.78729],[-121.5324,39.78675],[-121.5331,39.78675],[-121.5331,39.78622],[-121.53381,39.78622],[-121.53381,39.78568],[-121.53451,39.78568],[-121.53451,39.78514],[-121.53521,39.78514],[-121.53521,39.7846],[-121.53591,39.7846],[-121.53591,39.78406],[-121.53661,39.78406],[-121.53661,39.78352],[-121.53731,39.78352],[-121.53731,39.78298],[-121.53801,39.78298],[-121.53801,39.78244],[-121.53871,39.78244],[-121.53871,39.7819],[-121.53942,39.7819],[-121.53942,39.78244],[-121.53942,39.78298],[-121.53871,39.78298]]]},"properties":{"id":1462,"step":57,"cells":48,"cost":64970,"fuel_group":"grass"}},{"type":"Feature","geometry":{"type":"Polygon","coordinates":[[[-121.56887,39.79915],[-121.56817,39.79915],[-121.56817,39.79969],[-121.56746,39.79969],[-121.56746,39.80022],[-121.56676,39.80022],[-121.56676,39.80076],[-121.56606,39.80076],[-121.56606,39.8013],[-121.56536,39.8013],[-121.56536,39.80184],[-121.56466,39.80184],[-121.56466,39.80238],[-121.56396,39.80238],[-121.56396,39.80292],[-121.56326,39.80292],[-121.56326,39.80346],[-121.56256,39.80346],[-121.56256,39.804],[-121.56185,39.804],[-121.56185,39.80453],[-121.56115,39.80453],[-121.56115,39.80507],[-121.56045,39.80507],[-121.56045,39.80453],[-121.56045,39.804],[-121.56115,39.804],[-121.56115,39.80346],[-121.56185,39.80346],[-121.56185,39.80292],[-121.56256,39.80292],[-121.56256,39.80238],[-121.56326,39.80238],[-121.56326,39.80184],[-121.56396,39.80184],[-121.56396,39.8013],[-121.56466,39.8013],[-121.56466,39.80076],[-121.56536,39.80076],[-121.56536,39.80022],[-121.56606,39.80022],[-121.56606,39.79969],[-121.56676,39.79969],[-121.56676,39.79915],[-121.56746,39.79915],[-121.56746,39.79861],[-121.56817,39.79861],[-121.56817,39.79807],[-121.56887,39.79807],[-121.56887,39.79861],[-121.56887,39.79915]]]},"properties":{"id":1049,"step":58,"cells":24,"cost":40050,"fuel_group":"shrub"}},{"type":"Feature","geometry":{"type":"Polygon","coordinates":[[[-121.52329,39.74309],[-121.52329,39.74363],[-121.52329,39.74417],[-121.52329,39.74471],[-121.52329,39.74525],[-121.52329,39.74579],[-121.52329,39.74633],[-121.52329,39.74687],[-121.52329,39.74741],[-121.52329,39.74795],[-121.52329,39.74848],[-121.52329,39.74902],[-121.52329,39.74956],[-121.52329,39.7501],[-121.52329,39.75064],[-121.52329,39.75118],[-121.52329,39.75172],[-121.52329,39.75226],[-121.52329,39.7528],[-121.52329,39.75334],[-121.52329,39.75388],[-121.52329,39.75442],[-121.52329,39.75495],[-121.52329,39.75549],[-121.52329,39.75603],[-121.52329,39.75657],[-121.52329,39.75711],[-121.52329,39.75765],[-121.52329,39.75819],[-121.52329,39.75873],[-121.52259,39.75873],[-121.52188,39.75873],[-121.52188,39.75819],[-121.52188,39.75765],[-121.52188,39.75711],[-121.52188,39.75657],[-121.52188,39.75603],[-121.52188,39.75549],[-121.52188,39.75495],[-121.52188,39.75442],[-121.52188,39.75388],[-121.52188,39.75334],[-121.52188,39.7528],[-121.52188,39.75226],[-121.52188,39.75172],[-121.52188,39.75118],[-121.52188,39.75064],[-121.52188,39.7501],[-121.52188,39.74956],[-121.52188,39.74902],[-121.52188,39.74848],[-121.52188,39.74795],[-121.52188,39.74741],[-121.52188,39.74687],[-121.52188,39.74633],[-121.52188,39.74579],[-121.52188,39.74525],[-121.52188,39.74471],[-121.52188,39.74417],[-121.52188,39.74363],[-121.52188,39.74309],[-121.52188,39.74255],[-121.52188,39.74201],[-121.52188,39.74148],[-121.52188,39.74094],[-121.52259,39.74094],[-121.52329,39.74094],[-121.52329,39.74148],[-121.52329,39.74201],[-121.52329,39.74255],[-121.52329,39.74309]]]},"properties":{"id":2493,"step":59,"cells":66,"cost":129050,"fuel_group":"timber_understory"}},{"type":"Feature","geometry":{"type":"MultiPolygon","coordinates":[[[[-121.59902,39.76196],[-121.59902,39.7625],[-121.59832,39.7625],[-121.59832,39.76196],[-121.59762,39.76196],[-121.59762,39.76142],[-121.59762,39.76088],[-121.59762,39.76035],[-121.59832,39.76035],[-121.59902,39.76035],[-121.59902,39.76088],[-121.59902,39.76142],[-121.59902,39.76196]]],[[[-121.59902,39.7652],[-121.59902,39.76574],[-121.59902,39.76627],[-121.59902,39.76681],[-121.59902,39.76735],[-121.59902,39.76789],[-121.59832,39.76789],[-121.59832,39.76843],[-121.59902,39.76843],[-121.59902,39.76897],[-121.59832,39.76897],[-121.59832,39.76951],[-121.59762,39.76951],[-121.59762,39.76897],[-121.59762,39.76843],[-121.59762,39.76789],[-121.59762,39.76735],[-121.59762,39.76681],[-121.59762,39.76627],[-121.59762,39.76574],[-121.59762,39.7652],[-121.59762,39.76466],[-121.59762,39.76412],[-121.59762,39.76358],[-121.59762,39.76304],[-121.59762,39.7625],[-121.59832,39.7625],[-121.59832,39.76304],[-121.59902,39.76304],[-121.59902,39.76358],[-121.59902,39.76412],[-121.59902,39.76466],[-121.59902,39.7652]]],[[[-121.59902,39.77544],[-121.59832,39.77544],[-121.59832,39.77598],[-121.59832,39.77652],[-121.59832,39.77705],[-121.59902,39.77705],[-121.59902,39.77759],[-121.59902,39.77813],[-121.59832,39.77813],[-121.59762,39.77813],[-121.59762,39.77759],[-121.59762,39.77705],[-121.59762,39.77652],[-121.59762,39.77598],[-121.59762,39.77544],[-121.59762,39.7749],[-121.59832,39.7749],[-121.59832,39.77436],[-121.59832,39.77382],[-121.59762,39.77382],[-121.59762,39.77328],[-121.59762,39.77274],[-121.59762,39.7722],[-121.59762,39.77166],[-121.59832,39.77166],[-121.59832,39.77113],[-121.59902,39.77113],[-121.59902,39.77166],[-121.59902,39.7722],[-121.59902,39.77274],[-121.59902,39.77328],[-121.59902,39.77382],[-121.59902,39.77436],[-121.59902,39.7749],[-121.59902,39.77544]]],[[[-121.59902,39.77005],[-121.59832,39.77005],[-121.59832,39.76951],[-121.59902,39.76951],[-121.59902,39.77005]]],[[[-121.59832,39.77113],[-121.59762,39.77113],[-121.59762,39.77059],[-121.59832,39.77059],[-121.59832,39.77113]]]]},"properties":{"id":1957,"step":60,"cells":52,"cost":102350,"fuel_group":"timber_litter"}},{"type":"Feature","geometry":{"type":"MultiPolygon","coordinates":[[[[-121.59902,39.73608],[-121.59902,39.73662],[-121.59902,39.73716],[-121.59832,39.73716],[-121.59832,39.7377],[-121.59902,39.7377],[-121.59902,39.73824],[-121.59902,39.73878],[-121.59832,39.73878],[-121.59832,39.73932],[-121.59902,39.73932],[-121.59902,39.73986],[-121.59902,39.7404],[-121.59902,39.74094],[-121.59902,39.74148],[-121.59902,39.74201],[-121.59902,39.74255],[-121.59902,39.74309],[-121.59902,39.74363],[-121.59902,39.74417],[-121.59902,39.74471],[-121.59902,39.74525],[-121.59902,39.74579],[-121.59902,39.74633],[-121.59902,39.74687],[-121.59902,39.74741],[-121.59902,39.74795],[-121.59902,39.74848],[-121.59902,39.74902],[-121.59902,39.74956],[-121.59832,39.74956],[-121.59762,39.74956],[-121.59762,39.74902],[-121.59762,39.74848],[-121.59762,39.74795],[-121.59762,39.74741],[-121.59762,39.74687],[-121.59762,39.74633],[-121.59762,39.74579],[-121.59762,39.74525],[-121.59762,39.74471],[-121.59762,39.74417],[-121.59762,39.74363],[-121.59762,39.74309],[-121.59762,39.74255],[-121.59762,39.74201],[-121.59762,39.74148],[-121.59762,39.74094],[-121.59762,39.7404],[-121.59762,39.73986],[-121.59762,39.73932],[-121.59762,39.73878],[-121.59762,39.73824],[-121.59762,39.7377],[-121.59762,39.73716],[-121.59762,39.73662],[-121.59762,39.73608],[-121.59762,39.73554],[-121.59762,39.735],[-121.59762,39.73447],[-121.59832,39.73447],[-121.59902,39.73447],[-121.59902,39.735],[-121.59902,39.73554],[-121.59902,39.73608]]],[[[-121.59902,39.75172],[-121.59832,39.75172],[-121.59832,39.75118],[-121.59902,39.75118],[-121.59902,39.75172]]]]},"properties":{"id":2585,"step":61,"cells":55,"cost":104575,"fuel_group":"timber_litter"}},{"type":"Feature","geometry":{"type":"MultiPolygon","coordinates":[[[[-121.59832,39.75765],[-121.59832,39.75819],[-121.59902,39.75819],[-121.59902,39.75873],[-121.59902,39.75927],[-121.59832,39.75927],[-121.59832,39.75981],[-121.59902,39.75981],[-121.59902,39.76035],[-121.59902,39.76088],[-121.59902,39.76142],[-121.59902,39.76196],[-121.59902,39.7625],[-121.59832,39.7625],[-121.59832,39.76196],[-121.59762,39.76196],[-121.59762,39.76142],[-121.59762,39.76088],[-121.59762,39.76035],[-121.59762,39.75981],[-121.59762,39.75927],[-121.59762,39.75873],[-121.59762,39.75819],[-121.59762,39.75765],[-121.59762,39.75711],[-121.59762,39.75657],[-121.59832,39.75657],[-121.59902,39.75657],[-121.59902,39.75711],[-121.59902,39.75765],[-121.59832,39.75765]]],[[[-121.59902,39.76412],[-121.59902,39.76466],[-121.59902,39.7652],[-121.59902,39.76574],[-121.59902,39.76627],[-121.59902,39.76681],[-121.59902,39.76735],[-121.59902,39.76789],[-121.59832,39.76789],[-121.59832,39.76843],[-121.59902,39.76843],[-121.59902,39.76897],[-121.59832,39.76897],[-121.59832,39.76951],[-121.59762,39.76951],[-121.59762,39.76897],[-121.59762,39.76843],[-121.59762,39.76789],[-121.59762,39.76735],[-121.59762,39.76681],[-121.59762,39.76627],[-121.59762,39.76574],[-121.59762,39.7652],[-121.59762,39.76466],[-121.59762,39.76412],[-121.59762,39.76358],[-121.59762,39.76304],[-121.59762,39.7625],[-121.59832,39.7625],[-121.59832,39.76304],[-121.59902,39.76304],[-121.59902,39.76358],[-121.59902,39.76412]]],[[[-121.59902,39.76951],[-121.59902,39.77005],[-121.59832,39.77005],[-121.59832,39.76951],[-121.59902,39.76951]]],[[[-121.59902,39.77166],[-121.59832,39.77166],[-121.59832,39.77113],[-121.59902,39.77113],[-121.59902,39.77166]]],[[[-121.59832,39.77113],[-121.59762,39.77113],[-121.59762,39.77059],[-121.59832,39.77059],[-121.59832,39.77113]]]]},"properties":{"id":2116,"step":62,"cells":45,"cost":88555,"fuel_group":"timber_litter"}},{"type":"Feature","geometry":{"type":"Polygon","coordinates":[[[-121.55695,39.7625],[-121.55695,39.76304],[-121.55695,39.76358],[-121.55695,39.76412],[-121.55695,39.76466],[-121.55695,39.7652],[-121.55695,39.76574],[-121.55695,39.76627],[-121.55695,39.76681],[-121.55695,39.76735],[-121.55695,39.76789],[-121.55695,39.76843],[-121.55695,39.76897],[-121.55695,39.76951],[-121.55695,39.77005],[-121.55695,39.77059],[-121.55695,39.77113],[-121.55695,39.77166],[-121.55695,39.7722],[-121.55695,39.77274],[-121.55695,39.77328],[-121.55695,39.77382],[-121.55695,39.77436],[-121.55695,39.7749],[-121.55695,39.77544],[-121.55695,39.77598],[-121.55695,39.77652],[-121.55695,39.77705],[-121.55695,39.77759],[-121.55695,39.77813],[-121.55624,39.77813],[-121.55554,39.77813],[-121.55554,39.77759],[-121.55554,39.77705],[-121.55554,39.77652],[-121.55554,39.77598],[-121.55554,39.77544],[-121.55554,39.7749],[-121.55554,39.77436],[-121.55554,39.77382],[-121.55554,39.77328],[-121.55554,39.77274],[-121.55554,39.7722],[-121.55554,39.77166],[-121.55554,39.77113],[-121.55554,39.77059],[-121.55554,39.77005],[-121.55554,39.76951],[-121.55554,39.76897],[-121.55554,39.76843],[-121.55554,39.76789],[-121.55554,39.76735],[-121.55554,39.76681],[-121.55554,39.76627],[-121.55554,39.76574],[-121.55554,39.7652],[-121.55554,39.76466],[-121.55554,39.76412],[-121.55554,39.76358],[-121.55554,39.76304],[-121.55554,39.7625],[-121.55554,39.76196],[-121.55554,39.76142],[-121.55554,39.76088],[-121.55554,39.76035],[-121.55624,39.76035],[-121.55695,39.76035],[-121.55695,39.76088],[-121.55695,39.76142],[-121.55695,39.76196],[-121.55695,39.7625]]]},"properties":{"id":1987,"step":63,"cells":66,"cost":117480,"fuel_group":"timber_understory"}},{"type":"Feature","geometry":{"type":"Polygon","coordinates":[[[-121.59061,39.78568],[-121.59061,39.78622],[-121.59061,39.78675],[-121.59061,39.78729],[-121.59061,39.78783],[-121.59061,39.78837],[-121.59061,39.78891],[-121.59061,39.78945],[-121.59061,39.78999],[-121.59061,39.79053],[-121.59061,39.79107],[-121.5899,39.79107],[-121.5899,39.7916],[-121.5899,39.79214],[-121.5899,39.79268],[-121.59061,39.79268],[-121.59061,39.79322],[-121.5899,39.79322],[-121.5892,39.79322],[-121.5892,39.79268],[-121.5892,39.79214],[-121.5892,39.7916],[-121.5892,39.79107],[-121.5892,39.79053],[-121.5892,39.78999],[-121.5892,39.78945],[-121.5892,39.78891],[-121.5892,39.78837],[-121.5892,39.78783],[-121.5892,39.78729],[-121.5892,39.78675],[-121.5892,39.78622],[-121.5892,39.78568],[-121.5892,39.78514],[-121.5899,39.78514],[-121.5899,39.78568],[-121.59061,39.78568]]]},"properties":{"id":1402,"step":64,"cells":26,"cost":50730,"fuel_group":"timber_litter"}},{"type":"Feature","geometry":{"type":"Polygon","coordinates":[[[-121.52329,39.79484],[-121.52329,39.79538],[-121.52329,39.79591],[-121.52329,39.79645],[-121.52329,39.79699],[-121.52329,39.79753],[-121.52329,39.79807],[-121.52329,39.79861],[-121.52329,39.79915],[-121.52329,39.79969],[-121.52329,39.80022],[-121.52329,39.80076],[-121.52329,39.8013],[-121.52329,39.80184],[-121.52329,39.80238],[-121.52329,39.80292],[-121.52329,39.80346],[-121.52329,39.804],[-121.52329,39.80453],[-121.52329,39.80507],[-121.52329,39.80561],[-121.52329,39.80615],[-121.52329,39.80669],[-121.52329,39.80723],[-121.52329,39.80777],[-121.52329,39.80831],[-121.52329,39.80884],[-121.52329,39.80938],[-121.52329,39.80992],[-121.52329,39.81046],[-121.52259,39.81046],[-121.52188,39.81046],[-121.52188,39.80992],[-121.52188,39.80938],[-121.52188,39.80884],[-121.52188,39.80831],[-121.52188,39.80777],[-121.52188,39.80723],[-121.52188,39.80669],[-121.52188,39.80615],[-121.52188,39.80561],[-121.52188,39.80507],[-121.52188,39.80453],[-121.52188,39.804],[-121.52188,39.80346],[-121.52188,39.80292],[-121.52188,39.80238],[-121.52188,39.80184],[-121.52188,39.8013],[-121.52188,39.80076],[-121.52188,39.80022],[-121.52188,39.79969],[-121.52188,39.79915],[-121.52188,39.79861],[-121.52188,39.79807],[-121.52188,39.79753],[-121.52188,39.79699],[-121.52188,39.79645],[-121.52188,39.79591],[-121.52188,39.79538],[-121.52188,39.79484],[-121.52188,39.7943],[-121.52188,39.79376],[-121.52188,39.79322],[-121.52188,39.79268],[-121.52259,39.79268],[-121.52329,39.79268],[-121.52329,39.79322],[-121.52329,39.79376],[-121.52329,39.7943],[-121.52329,39.79484]]]},"properties":{"id":1086,"step":65,"cells":66,"cost":114810,"fuel_group":"timber_understory"}},{"type":"Feature","geometry":{"type":"Polygon","coordinates":[[[-121.4742,39.8277],[-121.4742,39.82823],[-121.4749,39.82823],[-121.4749,39.82877],[-121.4756,39.82877],[-121.4756,39.82931],[-121.4763,39.82931],[-121.4763,39.82985],[-121.477,39.82985],[-121.477,39.83039],[-121.477,39.83093],[-121.4763,39.83093],[-121.4763,39.83039],[-121.4756,39.83039],[-121.4756,39.82985],[-121.4749,39.82985],[-121.4749,39.82931],[-121.4742,39.82931],[-121.4742,39.82877],[-121.4735,39.82877],[-121.4735,39.82823],[-121.4728,39.82823],[-121.4728,39.8277],[-121.4721,39.8277],[-121.4721,39.82716],[-121.47139,39.82716],[-121.47139,39.82662],[-121.47069,39.82662],[-121.47069,39.82608],[-121.46999,39.82608],[-121.46999,39.82554],[-121.46929,39.82554],[-121.46929,39.825],[-121.46859,39.825],[-121.46859,39.82446],[-121.46859,39.82393],[-121.46929,39.82393],[-121.46929,39.82446],[-121.46999,39.82446],[-121.46999,39.825],[-121.47069,39.825],[-121.47069,39.82554],[-121.47139,39.82554],[-121.47139,39.82608],[-121.4721,39.82608],[-121.4721,39.82662],[-121.4728,39.82662],[-121.4728,39.82716],[-121.4735,39.82716],[-121.4735,39.8277],[-121.4742,39.8277]]]},"properties":{"id":457,"step":66,"cells":24,"cost":12460,"fuel_group":"grass"}}]}